Group,Title
A01B,"SOIL WORKING IN AGRICULTURE OR FORESTRY; PARTS, DETAILS, OR ACCESSORIES OF AGRICULTURAL MACHINES OR IMPLEMENTS, IN GENERAL  (making or covering furrows or holes for sowing, planting, or manuring"
A01C,"PLANTING; SOWING; FERTILISING  (parts, details or accessories of agricultural machines or implements, in general"
A01D,HARVESTING; MOWING
A01F,PROCESSING OF HARVESTED PRODUCE; HAY OR STRAW PRESSES; DEVICES FOR STORING AGRICULTURAL OR HORTICULTURAL PRODUCE  (devices for topping or skinning onions or flower bulbs
A01G,"HORTICULTURE; CULTIVATION OF VEGETABLES, FLOWERS, RICE, FRUIT, VINES, HOPS OR SEAWEED; FORESTRY; WATERING  (picking of fruits, vegetables, hops or the like"
A01H,NEW PLANTS OR {NON-TRANSGENIC} PROCESSES FOR OBTAINING THEM; PLANT REPRODUCTION BY TISSUE CULTURE TECHNIQUES
A01J,"MANUFACTURE OF DAIRY PRODUCTS  (for chemical matters, see subclass"
A01K,"ANIMAL HUSBANDRY; AVICULTURE; APICULTURE; PISCICULTURE; FISHING; REARING OR BREEDING ANIMALS, NOT OTHERWISE PROVIDED FOR; NEW BREEDS OF ANIMALS"
A01L,SHOEING OF ANIMALS
A01M,"CATCHING, TRAPPING OR SCARING OF ANIMALS  (appliances for catching swarms or drone-catching"
A01N,PRESERVATION OF BODIES OF HUMANS OR ANIMALS OR PLANTS OR PARTS THEREOF  (preservation of food or foodstuff
A01P,"BIOCIDAL, PEST REPELLANT, PEST ATTRACTANT OR PLANT GROWTH REGULATORY ACTIVITY OF CHEMICAL COMPOUNDS OR PREPARATIONS"
A21B,BAKERS' OVENS; MACHINES OR EQUIPMENT FOR BAKING  (domestic baking equipment
A21C,MACHINES OR EQUIPMENT FOR MAKING OR PROCESSING DOUGHS; HANDLING BAKED ARTICLES MADE FROM DOUGH
A21D,"TREATMENT OF FLOUR OR DOUGH FOR BAKING, e.g. BY ADDITION OF MATERIALS; BAKING; BAKERY PRODUCTS  (preservation of flour or dough before baking"
A22B,SLAUGHTERING
A22C,"PROCESSING MEAT, POULTRY, OR FISH  (preserving"
A23B,"PRESERVATION OF FOODS, FOODSTUFFS OR NON-ALCOHOLIC BEVERAGES; CHEMICAL RIPENING OF FRUIT OR VEGETABLES"
A23C,"DAIRY PRODUCTS, e.g. MILK, BUTTER OR CHEESE; MILK OR CHEESE SUBSTITUTES; MAKING OR TREATMENT THEREOF  (preservation thereof"
A23D,"EDIBLE OILS OR FATS, e.g. MARGARINES, SHORTENINGS OR COOKING OILS  (preservation thereof"
A23F,"COFFEE; TEA; THEIR SUBSTITUTES; MANUFACTURE, PREPARATION, OR INFUSION THEREOF"
A23G,"COCOA; COCOA PRODUCTS, e.g. CHOCOLATE; SUBSTITUTES FOR COCOA OR COCOA PRODUCTS; CONFECTIONERY; CHEWING GUM; ICE-CREAM; PREPARATION THEREOF"
A23J,PROTEIN COMPOSITIONS FOR FOODSTUFFS; WORKING-UP PROTEINS FOR FOODSTUFFS; PHOSPHATIDE COMPOSITIONS FOR FOODSTUFFS
A23K,FODDER
A23L,"FOODS, FOODSTUFFS OR NON-ALCOHOLIC BEVERAGES, NOT OTHERWISE PROVIDED FOR; PREPARATION OR TREATMENT THEREOF  (preservation thereof"
A23N,"MACHINES OR APPARATUS FOR TREATING HARVESTED FRUIT, VEGETABLES OR FLOWER BULBS IN BULK, NOT OTHERWISE PROVIDED FOR; PEELING VEGETABLES OR FRUIT IN BULK; APPARATUS FOR PREPARING ANIMAL FEEDING- STUFFS  (machines for cutting straw or fodder"
A23P,"SHAPING OR WORKING OF FOODSTUFFS, NOT FULLY COVERED BY A SINGLE OTHER SUBCLASS"
A23V,"INDEXING SCHEME RELATING TO FOODS, FOODSTUFFS OR NON-ALCOHOLIC BEVERAGES AND LACTIC OR PROPIONIC ACID BACTERIA USED IN FOODSTUFFS OR FOOD PREPARATION"
A24B,MANUFACTURE OR PREPARATION OF TOBACCO FOR SMOKING OR CHEWING; TOBACCO; SNUFF
A24C,MACHINES FOR MAKING CIGARS OR CIGARETTES
A24D,CIGARS; CIGARETTES; TOBACCO SMOKE FILTERS; MOUTHPIECES FOR CIGARS OR CIGARETTES; MANUFACTURE OF TOBACCO SMOKE FILTERS OR MOUTHPIECES
A24F,"SMOKERS' REQUISITES; MATCH BOXES; SIMULATED SMOKING DEVICES  (inhaling appliances for medical purposes, shaped like cigars, cigarettes or pipes"
A41B,SHIRTS; UNDERWEAR; BABY LINEN; HANDKERCHIEFS
A41C,CORSETS; BRASSIERES
A41D,OUTERWEAR; PROTECTIVE GARMENTS; ACCESSORIES
A41F,GARMENT FASTENINGS; SUSPENDERS
A41G,ARTIFICIAL FLOWERS; WIGS; MASKS; FEATHERS
A41H,"APPLIANCES OR METHODS FOR MAKING CLOTHES, e.g. FOR DRESS-MAKING OR FOR TAILORING, NOT OTHERWISE PROVIDED FOR"
A42B,HATS; HEAD COVERINGS  (headbands
A42C,"MANUFACTURING OR TRIMMING HEAD COVERINGS, e.g. HATS"
A43B,CHARACTERISTIC FEATURES OF FOOTWEAR; PARTS OF FOOTWEAR
A43C,FASTENINGS OR ATTACHMENTS OF FOOTWEAR; LACES IN GENERAL
A43D,"MACHINES, TOOLS, EQUIPMENT OR METHODS FOR MANUFACTURING OR REPAIRING FOOTWEAR"
A44B,"BUTTONS, PINS, BUCKLES, SLIDE FASTENERS, OR THE LIKE  (fastenings specially adapted for footwear"
A44C,"PERSONAL ADORNMENTS, e.g. JEWELLERY; COINS"
A45B,"WALKING STICKS  (walking aids, e.g. sticks, for blind persons"
A45C,PURSES; LUGGAGE; HAND CARRIED BAGS
A45D,"HAIRDRESSING OR SHAVING EQUIPMENT  (wigs, toupees or the like"
A45F,TRAVELLING OR CAMP EQUIPMENT: SACKS OR PACKS CARRIED ON THE BODY
A46B,BRUSHES  (handles not integral with brushware
A46D,MANUFACTURE OF BRUSHES
A47B,TABLES; DESKS; OFFICE FURNITURE; CABINETS; DRAWERS; GENERAL DETAILS OF FURNITURE  (furniture jointing
A47C,CHAIRS; SOFAS; BEDS
A47D,FURNITURE SPECIALLY ADAPTED FOR CHILDREN  (school benches or desks
A47F,"SPECIAL FURNITURE, FITTINGS, OR ACCESSORIES FOR SHOPS, STOREHOUSES, BARS, RESTAURANTS OR THE LIKE; PAYING COUNTERS"
A47G,HOUSEHOLD OR TABLE EQUIPMENT  (book-ends
A47H,FURNISHINGS FOR WINDOWS OR DOORS  (concerned with the functioning of the door or window
A47J,KITCHEN EQUIPMENT; COFFEE MILLS; SPICE MILLS; APPARATUS FOR MAKING BEVERAGES
A47K,"SANITARY EQUIPMENT NOT OTHERWISE PROVIDED FOR  (connecting to water supply or waste pipe, sinks"
A47L,DOMESTIC WASHING OR CLEANING  (brushes
A61B,DIAGNOSIS; SURGERY; IDENTIFICATION  (usefulness limited to only animals
A61C,DENTISTRY; APPARATUS OR METHODS FOR ORAL OR DENTAL HYGIENE  (non-driven toothbrushes
A61D,"VETERINARY INSTRUMENTS, IMPLEMENTS, TOOLS, OR METHODS"
A61F,"FILTERS IMPLANTABLE INTO BLOOD VESSELS; PROSTHESES; DEVICES PROVIDING PATENCY TO, OR PREVENTING COLLAPSING OF, TUBULAR STRUCTURES OF THE BODY, e.g. STENTS; ORTHOPAEDIC, NURSING OR CONTRACEPTIVE DEVICES; FOMENTATION; TREATMENT OR PROTECTION OF EYES OR EARS; BANDAGES, DRESSINGS OR ABSORBENT PADS; FIRST-AID KITS  (dental prosthetics"
A61G,"TRANSPORT, PERSONAL CONVEYANCES, OR ACCOMMODATION SPECIALLY ADAPTED FOR PATIENTS OR DISABLED PERSONS  (appliances for aiding patients or disabled persons to walk"
A61H,"PHYSICAL THERAPY APPARATUS, e.g. DEVICES FOR LOCATING OR STIMULATING REFLEX POINTS IN THE BODY; ARTIFICIAL RESPIRATION; MASSAGE; BATHING DEVICES FOR SPECIAL THERAPEUTIC OR HYGIENIC PURPOSES OR SPECIFIC PARTS OF THE BODY  (electrotherapy, magnetotherapy, radiation therapy, ultrasound therapy"
A61J,CONTAINERS SPECIALLY ADAPTED FOR MEDICAL OR PHARMACEUTICAL PURPOSES; DEVICES OR METHODS SPECIALLY ADAPTED FOR BRINGING PHARMACEUTICAL PRODUCTS INTO PARTICULAR PHYSICAL OR ADMINISTERING FORMS; DEVICES FOR ADMINISTERING FOOD OR MEDICINES ORALLY; BABY COMFORTERS; DEVICES FOR RECEIVING SPITTLE
A61K,"PREPARATIONS FOR MEDICAL, DENTAL OR TOILETRY PURPOSES  (devices or methods specially adapted for bringing pharmaceutical products into particular physical or administering forms"
A61L,"METHODS OR APPARATUS FOR STERILISING MATERIALS OR OBJECTS IN GENERAL; DISINFECTION, STERILISATION OR DEODORISATION OF AIR; CHEMICAL ASPECTS OF BANDAGES, DRESSINGS, ABSORBENT PADS OR SURGICAL ARTICLES; MATERIALS FOR BANDAGES, DRESSINGS, ABSORBENT PADS OR SURGICAL ARTICLES  (preservation of bodies or disinfecting characterised by the agents employed"
A61M,"DEVICES FOR INTRODUCING MEDIA INTO, OR ONTO, THE BODY  (introducing media into or onto the bodies of animals"
A61N,ELECTROTHERAPY; MAGNETOTHERAPY; RADIATION THERAPY; ULTRASOUND THERAPY  (measurement of bioelectric currents
A61P,SPECIFIC THERAPEUTIC ACTIVITY OF CHEMICAL COMPOUNDS OR MEDICINAL PREPARATIONS
A61Q,SPECIFIC USE OF COSMETICS OR SIMILAR TOILETRY PREPARATIONS
A62B,"DEVICES, APPARATUS OR METHODS FOR LIFE-SAVING  (valves specially adapted for medical use"
A62C,"FIRE-FIGHTING  (fire-extinguishing compositions, use of chemical substances in extinguishing fires"
A62D,CHEMICAL MEANS FOR EXTINGUISHING FIRES OR FOR COMBATING OR PROTECTING AGAINST HARMFUL CHEMICAL AGENTS; CHEMICAL MATERIALS FOR USE IN BREATHING APPARATUS
A63B,"APPARATUS FOR PHYSICAL TRAINING, GYMNASTICS, SWIMMING, CLIMBING, OR FENCING; BALL GAMES; TRAINING EQUIPMENT  (apparatus for passive exercising, massage"
A63C,"SKATES; SKIS; ROLLER SKATES; DESIGN OR LAYOUT OF COURTS, RINKS OR THE LIKE  (water skis"
A63D,"BOWLING GAMES, e.g. SKITTLES, BOCCE OR BOWLS; INSTALLATIONS THEREFOR; BAGATELLE OR SIMILAR GAMES; BILLIARDS  (balls"
A63F,"CARD, BOARD, OR ROULETTE GAMES; INDOOR GAMES USING SMALL MOVING PLAYING BODIES; VIDEO GAMES; GAMES NOT OTHERWISE PROVIDED FOR"
A63G,MERRY-GO-ROUNDS; SWINGS; ROCKING-HORSES; CHUTES; SWITCHBACKS; SIMILAR DEVICES FOR PUBLIC AMUSEMENT
A63H,"TOYS, e.g. TOPS, DOLLS, HOOPS OR BUILDING BLOCKS"
A63J,"DEVICES FOR THEATRES, CIRCUSES, OR THE LIKE; CONJURING APPLIANCES OR THE LIKE"
A63K,RACING; RIDING SPORTS; EQUIPMENT OR ACCESSORIES THEREFOR  (stop watches
B01B,BOILING; BOILING APPARATUS {; EVAPORATION; EVAPORATION APPARATUS}
B01D,SEPARATION  (separating solids from solids by wet methods
B01F,"MIXING, e.g. DISSOLVING, EMULSIFYING OR DISPERSING  (mixing paints"
B01J,"CHEMICAL OR PHYSICAL PROCESSES, e.g. CATALYSIS OR COLLOID CHEMISTRY; THEIR RELEVANT APPARATUS"
B01L,CHEMICAL OR PHYSICAL LABORATORY APPARATUS FOR GENERAL USE
B02B,PREPARING GRAIN FOR MILLING; REFINING GRANULAR FRUIT TO COMMERCIAL PRODUCTS BY WORKING THE SURFACE  (making dough from cereals directly
B02C,"CRUSHING, PULVERISING, OR DISINTEGRATING IN GENERAL; MILLING GRAIN  ({household tools and machines for pulverising foodstuffs, e.g. coffee and spice mills"
B03B,SEPARATING SOLID MATERIALS USING LIQUIDS OR USING PNEUMATIC TABLES OR JIGS
B03C,MAGNETIC OR ELECTROSTATIC SEPARATION OF SOLID MATERIALS FROM SOLID MATERIALS OR FLUIDS; SEPARATION BY HIGH-VOLTAGE ELECTRIC FIELDS  (separating isotopes
B03D,FLOTATION; DIFFERENTIAL SEDIMENTATION  (sedimentation in general
B04B,CENTRIFUGES  (high-speed drum mills
B04C,"APPARATUS USING FREE VORTEX FLOW, e.g. CYCLONES  ({centrifugal separation of water from steam"
B05B,SPRAYING APPARATUS; ATOMISING APPARATUS; NOZZLES  (spray-mixers with nozzles
B05C,"APPARATUS FOR APPLYING FLUENT MATERIALS TO SURFACES, IN GENERAL  (spraying apparatus, atomising apparatus, nozzles"
B05D,"PROCESSES FOR APPLYING FLUENT MATERIALS TO SURFACES, IN GENERAL  (conveying articles or workpieces through baths of liquid"
B06B,"METHODS OR APPARATUS FOR GENERATING OR TRANSMITTING MECHANICAL VIBRATIONS OF INFRASONIC, SONIC, OR ULTRASONIC FREQUENCY, {e.g.} FOR PERFORMING MECHANICAL WORK IN GENERAL  (for particular applications, see the relevant subclasses, e.g."
B07B,"SEPARATING SOLIDS FROM SOLIDS BY SIEVING, SCREENING, SIFTING OR BY USING GAS CURRENTS; SEPARATING BY OTHER DRY METHODS APPLICABLE TO BULK MATERIAL, e.g. LOOSE ARTICLES FIT TO BE HANDLED LIKE BULK MATERIAL  (wet separating processes, sorting by processes using fluent material in the same way as liquid"
B07C,"POSTAL SORTING; SORTING INDIVIDUAL ARTICLES, OR BULK MATERIAL FIT TO BE SORTED PIECE-MEAL, e.g. BY PICKING  (specially adapted for a specific purpose covered by another class, see the relevant place, e.g."
B08B,CLEANING IN GENERAL; PREVENTION OF FOULING IN GENERAL
B09B,DISPOSAL OF SOLID WASTE NOT OTHERWISE PROVIDED FOR
B09C,RECLAMATION OF CONTAMINATED SOIL  (gatherers for removing stone or the like from the soil
B21B,ROLLING OF METAL  (auxiliary operations used in connection with metal-working operations covered in
B21C,"MANUFACTURE OF METAL SHEETS, WIRE, RODS, TUBES OR PROFILES, OTHERWISE THAN BY ROLLING; AUXILIARY OPERATIONS USED IN CONNECTION WITH METAL-WORKING WITHOUT ESSENTIALLY REMOVING MATERIAL"
B21D,"WORKING OR PROCESSING OF SHEET METAL OR METAL TUBES, RODS OR PROFILES WITHOUT ESSENTIALLY REMOVING MATERIAL; PUNCHING METAL  (working or processing of wire"
B21F,WORKING OR PROCESSING OF METAL WIRE  ({reducing diameter by} rolling of metal
B21G,"MAKING NEEDLES, PINS OR NAILS OF METAL"
B21H,"MAKING PARTICULAR METAL OBJECTS BY ROLLING, e.g. SCREWS, WHEELS, RINGS, BARRELS, BALLS  (essentially from sheet metal"
B21J,FORGING; HAMMERING; PRESSING METAL; RIVETING; FORGE FURNACES  (rolling of metal
B21K,"MAKING FORGED OR PRESSED METAL PRODUCTS, e.g. HORSE-SHOES, RIVETS, BOLTS OR WHEELS  (making particular articles by working sheet metal without essentially removing material"
B21L,MAKING METAL CHAINS  (making chains or chain links by casting
B22C,FOUNDRY MOULDING  (moulding refractory materials in general
B22D,CASTING OF METALS; CASTING OF OTHER SUBSTANCES BY THE SAME PROCESSES OR DEVICES  (shaping of plastics or substances in a plastic state
B22F,WORKING METALLIC POWDER; MANUFACTURE OF ARTICLES FROM METALLIC POWDER; MAKING METALLIC POWDER  (making alloys by powder metallurgy
B23B,TURNING; BORING  (arrangements for copying or controlling
B23C,MILLING  (broaching
B23D,"PLANING; SLOTTING; SHEARING; BROACHING; SAWING; FILING; SCRAPING; LIKE OPERATIONS FOR WORKING METAL BY REMOVING MATERIAL, NOT OTHERWISE PROVIDED FOR  (making toothed gears or the like"
B23F,MAKING GEARS OR TOOTHED RACKS  (by stamping
B23G,"THREAD CUTTING; WORKING OF SCREWS, BOLT HEADS, OR NUTS, IN CONJUNCTION THEREWITH  (making helical grooves by turning"
B23H,"WORKING OF METAL BY THE ACTION OF A HIGH CONCENTRATION OF ELECTRIC CURRENT ON A WORKPIECE USING AN ELECTRODE WHICH TAKES THE PLACE OF A TOOL; SUCH WORKING COMBINED WITH OTHER FORMS OF WORKING OF METAL  (processes for the electrolytic or electrophoretic production of coatings, electroforming, or apparatus therefor"
B23K,"SOLDERING OR UNSOLDERING; WELDING; CLADDING OR PLATING BY SOLDERING OR WELDING; CUTTING BY APPLYING HEAT LOCALLY, e.g. FLAME CUTTING; WORKING BY LASER BEAM  (making metal-coated products by extruding metal"
B23P,METAL-WORKING NOT OTHERWISE PROVIDED FOR; COMBINED OPERATIONS; UNIVERSAL MACHINE TOOLS  (arrangements for copying or controlling
B23Q,"DETAILS, COMPONENTS, OR ACCESSORIES FOR MACHINE TOOLS, e.g. ARRANGEMENTS FOR COPYING OR CONTROLLING  (tools of the kind used in lathes or boring machines"
B24B,"MACHINES, DEVICES, OR PROCESSES FOR GRINDING OR POLISHING  (grinding of gear teeth"
B24C,ABRASIVE OR RELATED BLASTING WITH PARTICULATE MATERIAL
B24D,"TOOLS FOR GRINDING, BUFFING OR SHARPENING  (abrading-bodies specially designed for tumbling apparatus, e.g. abrading-balls"
B25B,"TOOLS OR BENCH DEVICES NOT OTHERWISE PROVIDED FOR, FOR FASTENING, CONNECTING, DISENGAGING OR HOLDING"
B25C,HAND-HELD NAILING OR STAPLING TOOLS; MANUALLY OPERATED PORTABLE STAPLING TOOLS  (for shoemaking
B25D,PERCUSSIVE TOOLS {(percussive machines for forging
B25F,COMBINATION OR MULTI-PURPOSE TOOLS NOT OTHERWISE PROVIDED FOR; DETAILS OR COMPONENTS OF PORTABLE POWER-DRIVEN TOOLS NOT PARTICULARLY RELATED TO THE OPERATIONS PERFORMED AND NOT OTHERWISE PROVIDED FOR {(machines or arrangements of machines for performing specified combinations of different metal-working operations not covered by a single other subclass
B25G,HANDLES FOR HAND IMPLEMENTS  (attaching the blades or the like to handles of hand tools for soil working
B25H,"WORKSHOP EQUIPMENT, e.g. FOR MARKING-OUT WORK; STORAGE MEANS FOR WORKSHOPS  (storing or packaging"
B25J,MANIPULATORS; CHAMBERS PROVIDED WITH MANIPULATION DEVICES  ({manipulators specially adapted for use in surgery
B26B,HAND-HELD CUTTING TOOLS NOT OTHERWISE PROVIDED FOR  (for harvesting
B26D,"CUTTING; DETAILS COMMON TO MACHINES FOR PERFORATING, PUNCHING, CUTTING-OUT, STAMPING-OUT OR SEVERING  (soil-working"
B26F,"PERFORATING; PUNCHING; CUTTING-OUT; STAMPING-OUT; SEVERING BY MEANS OTHER THAN CUTTING  (marking-out, perforating or making buttonholes"
B27B,SAWS FOR WOOD OR SIMILAR MATERIAL; COMPONENTS OR ACCESSORIES THEREFOR  (saws specially adapted for pruning or debranching
B27C,"PLANING, DRILLING, MILLING, TURNING OR UNIVERSAL MACHINES FOR WOOD OR SIMILAR MATERIAL  (machine tools in general"
B27D,WORKING VENEER OR PLYWOOD  (applying liquids or other fluent materials to surface in general
B27F,DOVETAILED WORK; TENONS; SLOTTING MACHINES FOR WOOD OR SIMILAR MATERIAL; NAILING OR STAPLING MACHINES  (hand-held nailing or stapling tools
B27G,ACCESSORY MACHINES OR APPARATUS FOR WORKING WOOD OR SIMILAR MATERIALS; TOOLS FOR WORKING WOOD OR SIMILAR MATERIALS  (tools for grinding
B27H,BENDING WOOD OR SIMILAR MATERIAL; COOPERAGE; MAKING WHEELS FROM WOOD OR SIMILAR MATERIAL
B27J,"MECHANICAL WORKING OF CANE, CORK, OR SIMILAR MATERIALS"
B27K,"PROCESSES, APPARATUS OR SELECTION OF SUBSTANCES FOR IMPREGNATING, STAINING, DYEING, BLEACHING OF WOOD OR SIMILAR MATERIALS, OR TREATING OF WOOD OR SIMILAR MATERIALS WITH PERMEANT LIQUIDS, NOT OTHERWISE PROVIDED FOR  (applying liquids or other fluent materials to surfaces in general"
B27L,REMOVING BARK OR VESTIGES OF BRANCHES  (forestry
B27M,WORKING OF WOOD NOT PROVIDED FOR IN SUBCLASSES
B27N,"MANUFACTURE BY DRY PROCESSES OF ARTICLES, WITH OR WITHOUT ORGANIC BINDING AGENTS, MADE FROM PARTICLES OR FIBRES CONSISTING OF WOOD OR OTHER LIGNOCELLULOSIC OR LIKE ORGANIC MATERIAL  (containing cementitious material"
B28B,"SHAPING CLAY OR OTHER CERAMIC COMPOSITIONS; SHAPING SLAG; SHAPING MIXTURES CONTAINING CEMENTITIOUS MATERIAL, e.g. PLASTER  (foundry moulding"
B28C,"PREPARING CLAY; PRODUCING MIXTURES CONTAINING CLAY OR CEMENTITIOUS MATERIAL, e.g. PLASTER  (preparing material for foundry moulds"
B28D,WORKING STONE OR STONE-LIKE MATERIALS
B29B,PREPARATION OR PRETREATMENT OF THE MATERIAL TO BE SHAPED; MAKING GRANULES OR PREFORMS; RECOVERY OF PLASTICS OR OTHER CONSTITUENTS OF WASTE MATERIAL CONTAINING PLASTICS
B29C,"SHAPING OR JOINING OF PLASTICS; SHAPING OF MATERIAL IN A PLASTIC STATE, NOT OTHERWISE PROVIDED FOR; AFTER-TREATMENT OF THE SHAPED PRODUCTS, e.g. REPAIRING  (making preforms"
B29D,PRODUCING PARTICULAR ARTICLES FROM PLASTICS OR FROM SUBSTANCES IN A PLASTIC STATE  (making granules
B29K,INDEXING SCHEME ASSOCIATED WITH SUBCLASSES
B29L,INDEXING SCHEME ASSOCIATED WITH SUBCLASS
B30B,"PRESSES IN GENERAL  (producing ultra-high pressure or ultra-high pressure and high temperature to effect modifications of a substance, e.g. for making artificial diamonds"
B31B,"MAKING CONTAINERS OF PAPER, CARDBOARD OR MATERIAL WORKED IN A MANNER ANALOGOUS TO PAPER  (making wound articles, e.g. wound tubes,"
B31C,"MAKING WOUND ARTICLES, e.g. WOUND TUBES, OF PAPER, CARDBOARD OR MATERIAL WORKED IN A MANNER ANALOGOUS TO PAPER"
B31D,"MAKING ARTICLES OF PAPER, CARDBOARD OR MATERIAL WORKED IN A MANNER ANALOGOUS TO PAPER, NOT PROVIDED FOR IN SUBCLASSES"
B31F,"MECHANICAL WORKING OR DEFORMATION OF PAPER, CARDBOARD OR MATERIAL WORKED IN A MANNER ANALOGOUS TO PAPER  (making layered products not composed wholly of paper or cardboard"
B32B,"LAYERED PRODUCTS, i.e. PRODUCTS BUILT-UP OF STRATA OF FLAT OR NON-FLAT, e.g. CELLULAR OR HONEYCOMB, FORM"
B33Y,"ADDITIVE MANUFACTURING, i.e. MANUFACTURING OF THREE-DIMENSIONAL [3-D] OBJECTS BY ADDITIVE DEPOSITION, ADDITIVE AGGLOMERATION OR ADDITIVE LAYERING, e.g. BY 3-D PRINTING, STEREOLITHOGRAPHY OR SELECTIVE LASER SINTERING"
B41B,"MACHINES OR ACCESSORIES FOR MAKING, SETTING, OR DISTRIBUTING TYPE; TYPE; PHOTOGRAPHIC OR PHOTOELECTRIC COMPOSING DEVICES  (photographic devices in general"
B41C,PROCESSES FOR THE MANUFACTURE OR REPRODUCTION OF PRINTING SURFACES  (photomechanical processes for producing printing surfaces
B41D,APPARATUS FOR THE MECHANICAL REPRODUCTION OF PRINTING SURFACES FOR STEREOTYPE PRINTING; SHAPING ELASTIC OR DEFORMABLE MATERIAL TO FORM PRINTING SURFACES  ({engraving by spark erosion
B41F,PRINTING MACHINES OR PRESSES  (manifolding devices or office printing machines
B41G,"APPARATUS FOR BRONZE PRINTING, LINE PRINTING, OR FOR BORDERING OR EDGING SHEETS OR LIKE ARTICLES; AUXILIARY FOR PERFORATING IN CONJUNCTION WITH PRINTING  (perforating in general"
B41J,"TYPEWRITERS; SELECTIVE PRINTING MECHANISMS, i.e. MECHANISMS PRINTING OTHERWISE THAN FROM A FORME; CORRECTION OF TYPOGRAPHICAL ERRORS"
B41K,STAMPS; STAMPING OR NUMBERING APPARATUS OR DEVICES  (marking meat
B41L,"APPARATUS OR DEVICES FOR MANIFOLDING, DUPLICATING OR PRINTING FOR OFFICE OR OTHER COMMERCIAL PURPOSES; ADDRESSING MACHINES OR LIKE SERIES-PRINTING MACHINES  (printing presses or machines for industrial purposes"
B41M,"PRINTING, DUPLICATING, MARKING, OR COPYING PROCESSES; COLOUR PRINTING,  (correction of typographical errors"
B41N,PRINTING PLATES OR FOILS  (photosensitive material
B41P,"INDEXING SCHEME RELATING TO PRINTING, LINING MACHINES, TYPEWRITERS, AND TO STAMPS"
B42B,"PERMANENTLY ATTACHING TOGETHER SHEETS, QUIRES OR SIGNATURES OR PERMANENTLY ATTACHING OBJECTS THERETO  (nailing or stapling in general"
B42C,"BOOKBINDING  (cutting or perforating machines, devices or tools"
B42D,BOOKS; BOOK COVERS; LOOSE LEAVES; PRINTED MATTER CHARACTERISED BY IDENTIFICATION OR SECURITY FEATURES; PRINTED MATTER OF SPECIAL FORMAT OR STYLE NOT OTHERWISE PROVIDED FOR; DEVICES FOR USE THEREWITH AND NOT OTHERWISE PROVIDED FOR; MOVABLE-STRIP WRITING OR READING APPARATUS
B42F,SHEETS TEMPORARILY ATTACHED TOGETHER; FILING APPLIANCES; FILE CARDS; INDEXING  (reading desks
B43K,"IMPLEMENTS FOR WRITING OR DRAWING  (containers, casings or accessories for cosmetic substances, e.g. shaving soap, lipstick, make-up"
B43L,ARTICLES FOR WRITING OR DRAWING UPON; {WRITING OR DRAWING AIDS;} ACCESSORIES FOR WRITING OR DRAWING  (workshop equipment for marking-out work
B43M,BUREAU ACCESSORIES NOT OTHERWISE PROVIDED FOR  (stapling devices
B44B,"MACHINES, APPARATUS OR TOOLS FOR ARTISTIC WORK, e.g. FOR SCULPTURING, GUILLOCHING, CARVING, BRANDING, INLAYING  (processes for producing decorative effects"
B44C,"PRODUCING DECORATIVE EFFECTS  (processes for applying liquids or other fluent materials to surfaces, in general"
B44D,"PAINTING OR ARTISTIC DRAWING, NOT OTHERWISE PROVIDED FOR; PRESERVING PAINTINGS; SURFACE TREATMENT TO OBTAIN SPECIAL ARTISTIC SURFACE EFFECTS OR FINISHES  (surface treatment in general, see the relevant places, e.g. applying liquids or other fluent materials"
B44F,SPECIAL DESIGNS OR PICTURES
B60B,VEHICLE WHEELS  (making wheels or wheel parts by rolling
B60C,VEHICLE TYRES; TYRE INFLATION; TYRE CHANGING; CONNECTING VALVES TO INFLATABLE ELASTIC BODIES IN GENERAL; DEVICES OR ARRANGEMENTS RELATED TO TYRES
B60D,VEHICLE CONNECTIONS  (components of brake systems
B60F,VEHICLES FOR USE BOTH ON RAIL AND ON ROAD; AMPHIBIOUS OR LIKE VEHICLES; CONVERTIBLE VEHICLES  (air-cushion vehicles
B60G,VEHICLE SUSPENSION ARRANGEMENTS  (air-cushion vehicles
B60H,"ARRANGEMENTS OF HEATING, COOLING, VENTILATING OR OTHER AIR-TREATING DEVICES SPECIALLY ADAPTED FOR PASSENGER OR GOODS SPACES OF VEHICLES"
B60J,"WINDOWS, WINDSCREENS, NON-FIXED ROOFS, DOORS, OR SIMILAR DEVICES FOR VEHICLES; REMOVABLE EXTERNAL PROTECTIVE COVERINGS SPECIALLY ADAPTED FOR VEHICLES  (fastening, suspending, closing, or opening of such devices"
B60K,"ARRANGEMENT OR MOUNTING OF PROPULSION UNITS OR OF TRANSMISSIONS IN VEHICLES; ARRANGEMENT OR MOUNTING OF PLURAL DIVERSE PRIME-MOVERS IN VEHICLES; AUXILIARY DRIVES FOR VEHICLES; INSTRUMENTATION OR DASHBOARDS FOR VEHICLES; ARRANGEMENTS IN CONNECTION WITH COOLING, AIR INTAKE, GAS EXHAUST OR FUEL SUPPLY OF PROPULSION UNITS IN VEHICLES"
B60L,PROPULSION OF ELECTRICALLY-PROPELLED VEHICLES  (arrangements or mounting of electrical propulsion units or of plural diverse prime-movers for mutual or common propulsion in vehicles
B60M,"POWER SUPPLY LINES, AND DEVICES ALONG RAILS, FOR ELECTRICALLY- PROPELLED VEHICLES  (control of points and safety arrangements along railway lines"
B60N,SEATS SPECIALLY ADAPTED FOR VEHICLES; VEHICLE PASSENGER ACCOMMODATION NOT OTHERWISE PROVIDED FOR
B60P,"VEHICLES ADAPTED FOR LOAD TRANSPORTATION OR TO TRANSPORT, TO CARRY, OR TO COMPRISE SPECIAL LOADS OR OBJECTS  (vehicles with special provisions for transporting patients or disabled persons, or their personal conveyances"
B60Q,"ARRANGEMENT OF SIGNALLING OR LIGHTING DEVICES, THE MOUNTING OR SUPPORTING THEREOF OR CIRCUITS THEREFOR, FOR VEHICLES IN GENERAL"
B60R,"VEHICLES, VEHICLE FITTINGS, OR VEHICLE PARTS, NOT OTHERWISE PROVIDED FOR"
B60S,"SERVICING, CLEANING, REPAIRING, SUPPORTING, LIFTING, OR MANOEUVRING OF VEHICLES, NOT OTHERWISE PROVIDED FOR"
B60T,"VEHICLE BRAKE CONTROL SYSTEMS OR PARTS THEREOF; BRAKE CONTROL SYSTEMS OR PARTS THEREOF, IN GENERAL  (electrodynamic brake systems for vehicle, in general"
B60V,AIR-CUSHION VEHICLES
B60W,CONJOINT CONTROL OF VEHICLE SUB-UNITS OF DIFFERENT TYPE OR DIFFERENT FUNCTION; CONTROL SYSTEMS SPECIALLY ADAPTED FOR HYBRID VEHICLES; ROAD VEHICLE DRIVE CONTROL SYSTEMS FOR PURPOSES NOT RELATED TO THE CONTROL OF A PARTICULAR SUB-UNIT
B60Y,INDEXING SCHEME RELATING TO ASPECTS CROSS-CUTTING VEHICLE TECHNOLOGY
B61B,"RAILWAY SYSTEMS; EQUIPMENT THEREFOR NOT OTHERWISE PROVIDED FOR  (lifts or hoists, elevators, escalators, moving walkways"
B61C,LOCOMOTIVES; MOTOR RAILCARS  (vehicles in general
B61D,BODY DETAILS OR KINDS OF RAILWAY VEHICLES  (vehicles in general
B61F,"RAIL VEHICLE SUSPENSIONS, e.g. UNDERFRAMES, BOGIES OR ARRANGEMENTS OF WHEEL AXLES; RAIL VEHICLES FOR USE ON TRACKS OF DIFFERENT WIDTH; PREVENTING DERAILING OF RAIL VEHICLES; WHEEL GUARDS, OBSTRUCTION REMOVERS OR THE LIKE FOR RAIL VEHICLES  (for vehicles in general"
B61G,COUPLINGS; DRAUGHT AND BUFFING APPLIANCES  (vehicle connections in general
B61H,BRAKES OR OTHER RETARDING DEVICES SPECIALLY ADAPTED FOR RAIL VEHICLES; ARRANGEMENT OR DISPOSITION THEREOF IN RAIL VEHICLES  (electrodynamic braking of vehicles
B61J,SHIFTING OR SHUNTING OF RAIL VEHICLES  (shifting vehicles in general
B61K,"AUXILIARY EQUIPMENT SPECIALLY ADAPTED FOR RAILWAYS, NOT OTHERWISE PROVIDED FOR  (energy-storing brakes"
B61L,GUIDING RAILWAY TRAFFIC; ENSURING THE SAFETY OF RAILWAY TRAFFIC  (brakes or auxiliary equipment
B62B,"HAND-PROPELLED VEHICLES, e.g. HAND CARTS OR PERAMBULATORS; SLEDGES  (characterised by animal propulsion"
B62C,VEHICLES DRAWN BY ANIMALS
B62D,"MOTOR VEHICLES; TRAILERS  (steering, or guiding on a desired track, of agricultural machines or implements"
B62H,CYCLE STANDS; SUPPORTS OR HOLDERS FOR PARKING OR STORING CYCLES; APPLIANCES PREVENTING OR INDICATING UNAUTHORIZED USE OR THEFT OF CYCLES; LOCKS INTEGRAL WITH CYCLES; DEVICES FOR LEARNING TO RIDE CYCLES
B62J,"CYCLE SADDLES OR SEATS; AUXILIARY DEVICES OR ACCESSORIES SPECIALLY ADAPTED TO CYCLES AND NOT OTHERWISE PROVIDED FOR, e.g. ARTICLE CARRIERS OR CYCLE PROTECTORS"
B62K,"CYCLES; CYCLE FRAMES; CYCLE STEERING DEVICES; RIDER-OPERATED TERMINAL CONTROLS SPECIALLY ADAPTED FOR CYCLES; CYCLE AXLE SUSPENSIONS; CYCLE SIDE-CARS, FORECARS, OR THE LIKE"
B62L,BRAKES SPECIALLY ADAPTED FOR CYCLES {(arrangements in cycles for adjusting wheel-braking force to meet varying vehicular or ground-surface conditions
B62M,RIDER PROPULSION OF WHEELED VEHICLES OR SLEDGES; POWERED PROPULSION OF SLEDGES OR {SINGLE-TRACK} CYCLES; TRANSMISSIONS SPECIALLY ADAPTED FOR SUCH VEHICLES  (arrangements or mounting of transmissions in vehicles in general
B63B,"SHIPS OR OTHER WATERBORNE VESSELS; EQUIPMENT FOR SHIPPING   (arrangements of vessel ventilation, heating, cooling, or air-conditioning"
B63C,"LAUNCHING, HAULING-OUT, OR DRY-DOCKING OF VESSELS; LIFE-SAVING IN WATER; EQUIPMENT FOR DWELLING OR WORKING UNDER WATER; MEANS FOR SALVAGING OR SEARCHING FOR UNDERWATER OBJECTS  (floating nets, floating slipways, or the like for recovering aircraft from the water"
B63G,"OFFENSIVE OR DEFENSIVE ARRANGEMENTS ON VESSELS; MINE-LAYING; MINE-SWEEPING; SUBMARINES; AIRCRAFT CARRIERS  (means of attack or defence in general, e.g. turrets"
B63H,MARINE PROPULSION OR STEERING  (propulsion of air-cushion vehicles
B63J,AUXILIARIES ON VESSELS
B64B,LIGHTER-THAN AIR AIRCRAFT
B64C,AEROPLANES; HELICOPTERS
B64D,EQUIPMENT FOR FITTING IN OR TO AIRCRAFT; FLIGHT SUITS; PARACHUTES; ARRANGEMENT OR MOUNTING OF POWER PLANTS OR PROPULSION TRANSMISSIONS IN AIRCRAFT
B64F,"GROUND OR AIRCRAFT-CARRIER-DECK INSTALLATIONS SPECIALLY ADAPTED FOR USE IN CONNECTION WITH AIRCRAFT; DESIGNING, MANUFACTURING, ASSEMBLING, CLEANING, MAINTAINING OR REPAIRING AIRCRAFT, NOT OTHERWISE PROVIDED FOR; HANDLING, TRANSPORTING, TESTING OR INSPECTING AIRCRAFT COMPONENTS, NOT OTHERWISE PROVIDED FOR"
B64G,COSMONAUTICS; VEHICLES OR EQUIPMENT THEREFOR
B64U,UNMANNED AERIAL VEHICLES [UAV]; EQUIPMENT THEREFOR
B65B,"MACHINES, APPARATUS OR DEVICES FOR, OR METHODS OF, PACKAGING ARTICLES OR MATERIALS; UNPACKING  (bundling and pressing devices for cigars"
B65C,"LABELLING OR TAGGING MACHINES, APPARATUS, OR PROCESSES  (nailing or stapling in general"
B65D,"CONTAINERS FOR STORAGE OR TRANSPORT OF ARTICLES OR MATERIALS, e.g. BAGS, BARRELS, BOTTLES, BOXES, CANS, CARTONS, CRATES, DRUMS, JARS, TANKS, HOPPERS, FORWARDING CONTAINERS; ACCESSORIES, CLOSURES, OR FITTINGS THEREFOR; PACKAGING ELEMENTS; PACKAGES"
B65F,GATHERING OR REMOVAL OF DOMESTIC OR LIKE REFUSE  (disinfecting refuse
B65G,"TRANSPORT OR STORAGE DEVICES, e.g. CONVEYORS FOR LOADING OR TIPPING, SHOP CONVEYOR SYSTEMS OR PNEUMATIC TUBE CONVEYORS  (packaging"
B65H,"HANDLING THIN OR FILAMENTARY MATERIAL, e.g. SHEETS, WEBS, CABLES"
B66B,ELEVATORS; ESCALATORS OR MOVING WALKWAYS  ({apparatus for raising or lowering persons on theatrical stages or the like
B66C,"CRANES; LOAD-ENGAGING ELEMENTS OR DEVICES FOR CRANES, CAPSTANS, WINCHES, OR TACKLES  ({specially adapted for lifting invalids"
B66D,"CAPSTANS; WINCHES; TACKLES, e.g. PULLEY BLOCKS; HOISTS  (winding or unwinding ropes or cables for feeding or storage purposes"
B66F,"HOISTING, LIFTING, HAULING OR PUSHING, NOT OTHERWISE PROVIDED FOR, e.g. DEVICES WHICH APPLY A LIFTING OR PUSHING FORCE DIRECTLY TO THE SURFACE OF A LOAD  ({invalid lifting devices"
B67B,"APPLYING CLOSURE MEMBERS TO BOTTLES JARS, OR SIMILAR CONTAINERS; OPENING CLOSED CONTAINERS  (opening or closing devices attached to, or incorporated in, containers or container closures"
B67C,"CLEANING, FILLING WITH LIQUIDS OR SEMILIQUIDS, OR EMPTYING, OF BOTTLES, JARS, CANS, CASKS, BARRELS, OR SIMILAR CONTAINERS, NOT OTHERWISE PROVIDED FOR; FUNNELS"
B67D,"DISPENSING, DELIVERING OR TRANSFERRING LIQUIDS, NOT OTHERWISE PROVIDED FOR  (cleaning pipes or tubes or systems of pipes or tubes"
B68B,HARNESS; DEVICES USED IN CONNECTION THEREWITH; WHIPS OR THE LIKE
B68C,SADDLES; STIRRUPS
B68F,"MAKING ARTICLES FROM LEATHER, CANVAS, OR THE LIKE"
B68G,"METHODS, EQUIPMENT, OR MACHINES FOR USE IN UPHOLSTERING; UPHOLSTERY NOT OTHERWISE PROVIDED FOR"
B81B,"MICROSTRUCTURAL DEVICES OR SYSTEMS, e.g. MICROMECHANICAL DEVICES  (piezoelectric, electrostrictive or magnetostrictive elements per se"
B81C,PROCESSES OR APPARATUS SPECIALLY ADAPTED FOR THE MANUFACTURE OR TREATMENT OF MICROSTRUCTURAL DEVICES OR SYSTEMS  (making microcapsules or microballoons
B82B,"NANOSTRUCTURES FORMED BY MANIPULATION OF INDIVIDUAL ATOMS, MOLECULES, OR LIMITED COLLECTIONS OF ATOMS OR MOLECULES AS DISCRETE UNITS; MANUFACTURE OR TREATMENT THEREOF"
B82Y,SPECIFIC USES OR APPLICATIONS OF NANOSTRUCTURES; MEASUREMENT OR ANALYSIS OF NANOSTRUCTURES; MANUFACTURE OR TREATMENT OF NANOSTRUCTURES
C01B,NON-METALLIC ELEMENTS; COMPOUNDS THEREOF; {METALLOIDS OR COMPOUNDS THEREOF NOT COVERED BY SUBCLASS
C01C,"AMMONIA; CYANOGEN; COMPOUNDS THEREOF  ({metal hydrides, monoborane, diborane or addition complexes thereof"
C01D,"COMPOUNDS OF ALKALI METALS, i.e. LITHIUM, SODIUM, POTASSIUM, RUBIDIUM, CAESIUM, OR FRANCIUM  (metal hydrides {monoborane, diborane or addition complexes thereof}"
C01F,"COMPOUNDS OF THE METALS BERYLLIUM, MAGNESIUM, ALUMINIUM, CALCIUM, STRONTIUM, BARIUM, RADIUM, THORIUM, OR OF THE RARE-EARTH METALS  (metal hydrides {monoborane, diborane or addition complexes thereof}"
C01G,COMPOUNDS CONTAINING METALS NOT COVERED BY SUBCLASSES
C01P,INDEXING SCHEME RELATING TO STRUCTURAL AND PHYSICAL ASPECTS OF SOLID INORGANIC COMPOUNDS
C02F,"TREATMENT OF WATER, WASTE WATER, SEWAGE, OR SLUDGE  (separation in general"
C03B,"MANUFACTURE, SHAPING, OR SUPPLEMENTARY PROCESSES"
C03C,"CHEMICAL COMPOSITION OF GLASSES, GLAZES OR VITREOUS ENAMELS; SURFACE TREATMENT OF GLASS; SURFACE TREATMENT OF FIBRES OR FILAMENTS MADE FROM GLASS, MINERALS OR SLAGS; JOINING GLASS TO GLASS OR OTHER MATERIALS"
C04B,"LIME, MAGNESIA; SLAG; CEMENTS; COMPOSITIONS THEREOF, e.g. MORTARS, CONCRETE OR LIKE BUILDING MATERIALS; ARTIFICIAL STONE {(roofing granules"
C05B,PHOSPHATIC FERTILISERS
C05C,NITROGENOUS FERTILISERS
C05D,INORGANIC FERTILISERS NOT COVERED BY SUBCLASSES
C05F,ORGANIC FERTILISERS NOT COVERED BY SUBCLASSES
C05G,MIXTURES OF FERTILISERS COVERED INDIVIDUALLY BY DIFFERENT SUBCLASSES OF CLASS
C06B,EXPLOSIVES OR THERMIC COMPOSITIONS  (blasting
C06C,DETONATING OR PRIMING DEVICES; FUSES  (ammunition fuzes
C06D,MEANS FOR GENERATING SMOKE OR MIST; GAS-ATTACK COMPOSITIONS; GENERATION OF GAS FOR BLASTING OR PROPULSION (CHEMICAL PART)  (fuels
C06F,MATCHES; MANUFACTURE OF MATCHES
C07B,GENERAL METHODS OF ORGANIC CHEMISTRY; APPARATUS THEREFOR  (preparation of carboxylic acid esters by telomerisation
C07C,ACYCLIC OR CARBOCYCLIC COMPOUNDS
C07D,HETEROCYCLIC COMPOUNDS  (macromolecular compounds
C07F,"ACYCLIC, CARBOCYCLIC OR HETEROCYCLIC COMPOUNDS CONTAINING ELEMENTS OTHER THAN CARBON, HYDROGEN, HALOGEN, OXYGEN, NITROGEN, SULFUR, SELENIUM OR TELLURIUM  (metal-containing porphyrins"
C07G,COMPOUNDS OF UNKNOWN CONSTITUTION
C07H,SUGARS; DERIVATIVES THEREOF; NUCLEOSIDES; NUCLEOTIDES; NUCLEIC ACIDS  (derivatives of aldonic or saccharic acids
C07J,STEROIDS  (seco-steroids
C07K,PEPTIDES  (peptides in foodstuffs
C08B,POLYSACCHARIDES; DERIVATIVES THEREOF  (polysaccharides containing less than six saccharide radicals attached to each other by glycosidic linkages
C08C,TREATMENT OR CHEMICAL MODIFICATION OF RUBBERS
C08F,MACROMOLECULAR COMPOUNDS OBTAINED BY REACTIONS ONLY INVOLVING CARBON-TO-CARBON UNSATURATED BONDS
C08G,MACROMOLECULAR COMPOUNDS OBTAINED OTHERWISE THAN BY REACTIONS ONLY INVOLVING UNSATURATED CARBON-TO-CARBON BONDS
C08H,DERIVATIVES OF NATURAL MACROMOLECULAR COMPOUNDS  (polysaccharides
C08J,WORKING-UP; GENERAL PROCESSES OF COMPOUNDING; AFTER-TREATMENT NOT COVERED BY SUBCLASSES
C08K,"Use of inorganic or non-macromolecular organic substances as compounding ingredients  (paints, inks, varnishes, dyes, polishes, adhesives"
C08L,COMPOSITIONS OF MACROMOLECULAR COMPOUNDS  (compositions based on polymerisable monomers
C09B,"ORGANIC DYES OR CLOSELY-RELATED COMPOUNDS FOR PRODUCING DYES {, e.g. PIGMENTS}; MORDANTS; LAKES  (fermentation or enzyme using processes to synthesise a desired chemical compound"
C09C,"TREATMENT OF INORGANIC MATERIALS, OTHER THAN FIBROUS FILLERS, TO ENHANCE THEIR PIGMENTING OR FILLING PROPERTIES   (treatment of materials specially adapted to enhance their filling properties in mortars, concrete or artificial stone"
C09D,"COATING COMPOSITIONS, e.g. PAINTS, VARNISHES OR LACQUERS; FILLING PASTES; CHEMICAL PAINT OR INK REMOVERS; INKS; CORRECTING FLUIDS; WOODSTAINS; PASTES OR SOLIDS FOR COLOURING OR PRINTING; USE OF MATERIALS THEREFOR  (cosmetics"
C09F,"NATURAL RESINS; FRENCH POLISH; DRYING-OILS; OIL DRYING AGENTS, i.e. SICCATIVES; TURPENTINE"
C09G,POLISHING COMPOSITIONS  (French polish
C09H,PREPARATION OF GLUE OR GELATINE
C09J,ADHESIVES; NON-MECHANICAL ASPECTS OF ADHESIVE PROCESSES IN GENERAL; ADHESIVE PROCESSES NOT PROVIDED FOR ELSEWHERE; USE OF MATERIALS AS ADHESIVES  (preparation of glue or gelatine
C09K,"MATERIALS FOR MISCELLANEOUS APPLICATIONS, NOT PROVIDED FOR ELSEWHERE"
C10B,"DESTRUCTIVE DISTILLATION OF CARBONACEOUS MATERIALS FOR PRODUCTION OF GAS, COKE, TAR, OR SIMILAR MATERIALS  (cracking oils"
C10C,"WORKING-UP PITCH, ASPHALT, BITUMEN, TAR; PYROLIGNEOUS ACID  (compositions of bituminous materials"
C10F,DRYING OR WORKING-UP OF PEAT
C10G,"CRACKING HYDROCARBON OILS; PRODUCTION OF LIQUID HYDROCARBON MIXTURES, e.g. BY DESTRUCTIVE HYDROGENATION, OLIGOMERISATION, POLYMERISATION  (cracking to hydrogen or synthesis gas"
C10H,PRODUCTION OF ACETYLENE BY WET METHODS {(purification of acetylene
C10J,"PRODUCTION OF PRODUCER GAS, WATER-GAS, SYNTHESIS GAS FROM SOLID CARBONACEOUS MATERIAL, OR MIXTURES CONTAINING THESE GASES  (synthesis gas from liquid or gaseous hydrocarbons"
C10K,PURIFYING OR MODIFYING THE CHEMICAL COMPOSITION OF COMBUSTIBLE GASES CONTAINING CARBON MONOXIDE
C10L,"FUELS NOT OTHERWISE PROVIDED FOR  (fuels for generating pressure gas, e.g. for rockets"
C10M,LUBRICATING COMPOSITIONS  (well drilling compositions
C10N,INDEXING SCHEME ASSOCIATED WITH SUBCLASS
C11B,"PRODUCING, e.g. BY PRESSING RAW MATERIALS OR BY EXTRACTION FROM WASTE MATERIALS, REFINING OR PRESERVING FATS, FATTY SUBSTANCES, e.g. LANOLIN, FATTY OILS OR WAXES; ESSENTIAL OILS; PERFUMES  (drying-oils"
C11C,"FATTY ACIDS FROM FATS, OILS OR WAXES; CANDLES; FATS, OILS OR FATTY ACIDS BY CHEMICAL MODIFICATION OF FATS, OILS, OR FATTY ACIDS OBTAINED THEREFROM"
C11D,DETERGENT COMPOSITIONS; USE OF SINGLE SUBSTANCES AS DETERGENTS; SOAP OR SOAP-MAKING; RESIN SOAPS; RECOVERY OF GLYCEROL
C12C,BEER; PREPARATION OF BEER BY FERMENTATION  (ageing or ripening by storing
C12F,RECOVERY OF BY-PRODUCTS OF FERMENTED SOLUTIONS  (removal of yeast from wine or sparkling wine
C12G,WINE; PREPARATION THEREOF; ALCOHOLIC BEVERAGES  (beer
C12H,"PASTEURISATION, STERILISATION, PRESERVATION, PURIFICATION, CLARIFICATION OR AGEING OF ALCOHOLIC BEVERAGES; METHODS FOR ALTERING THE ALCOHOL CONTENT OF FERMENTED SOLUTIONS OR ALCOHOLIC BEVERAGES  (simulation ageing by flavouring"
C12J,VINEGAR; PREPARATION OR PURIFICATION THEREOF
C12L,PITCHING OR DEPITCHING MACHINES; CELLAR TOOLS  (cleaning of casks
C12M,"APPARATUS FOR ENZYMOLOGY OR MICROBIOLOGY; {APPARATUS FOR CULTURING MICROORGANISMS FOR PRODUCING BIOMASS, FOR GROWING CELLS OR FOR OBTAINING FERMENTATION OR METABOLIC PRODUCTS, i.e. BIOREACTORS OR FERMENTERS}"
C12N,"MICROORGANISMS OR ENZYMES; COMPOSITIONS THEREOF; PROPAGATING, PRESERVING, OR MAINTAINING MICROORGANISMS; MUTATION OR GENETIC ENGINEERING; CULTURE MEDIA  (microbiological testing media"
C12P,FERMENTATION OR ENZYME-USING PROCESSES TO SYNTHESISE A DESIRED CHEMICAL COMPOUND OR COMPOSITION OR TO SEPARATE OPTICAL ISOMERS FROM A RACEMIC MIXTURE {(brewing of beer
C12Q,"MEASURING OR TESTING PROCESSES INVOLVING ENZYMES, NUCLEIC ACIDS OR MICROORGANISMS  (immunoassay"
C12R,INDEXING SCHEME ASSOCIATED WITH SUBCLASSES
C12Y,ENZYMES
C13B,PRODUCTION OF SUCROSE; APPARATUS SPECIALLY ADAPTED THEREFOR  (chemically synthesised sugars or sugar derivatives
C13K,"SACCHARIDES OBTAINED FROM NATURAL SOURCES OR BY HYDROLYSIS OF NATURALLY OCCURRING DISACCHARIDES, OLIGOSACCHARIDES OR POLYSACCHARIDES  (chemically synthesised sugars or sugar derivatives"
C14B,"MECHANICAL TREATMENT OR PROCESSING OF SKINS, HIDES OR LEATHER IN GENERAL; PELT-SHEARING MACHINES; INTESTINE-SPLITTING MACHINES  (making leather substitutes"
C14C,"CHEMICAL TREATMENT OF HIDES, SKINS OR LEATHER, e.g. TANNING, IMPREGNATING, FINISHING; APPARATUS THEREFOR; COMPOSITIONS FOR TANNING  (bleaching of leather or furs"
C21B,MANUFACTURE OF IRON OR STEEL  (preliminary treatment of ferrous ores or scrap
C21C,"PROCESSING OF PIG-IRON, e.g. REFINING, MANUFACTURE OF WROUGHT-IRON OR STEEL; TREATMENT IN MOLTEN STATE OF FERROUS ALLOYS  (refining metals in general"
C21D,"MODIFYING THE PHYSICAL STRUCTURE OF FERROUS METALS; GENERAL DEVICES FOR HEAT TREATMENT OF FERROUS OR NON-FERROUS METALS OR ALLOYS; MAKING METAL MALLEABLE, e.g. BY DECARBURISATION OR TEMPERING  (surface treatment of metallic material involving at least one process provided for in class"
C22B,PRODUCTION AND REFINING OF METALS  (electrolytic
C22C,ALLOYS  (flints
C22F,CHANGING THE PHYSICAL STRUCTURE OF NON-FERROUS METALS AND NON-FERROUS ALLOYS  (surface treatment of metallic material involving at least one process provided for in class
C23C,"COATING METALLIC MATERIAL; COATING MATERIAL WITH METALLIC MATERIAL; SURFACE TREATMENT OF METALLIC MATERIAL BY DIFFUSION INTO THE SURFACE, BY CHEMICAL CONVERSION OR SUBSTITUTION; COATING BY VACUUM EVAPORATION, BY SPUTTERING, BY ION IMPLANTATION OR BY CHEMICAL VAPOUR DEPOSITION, IN GENERAL  (making metal-coated products by extrusion"
C23D,"ENAMELLING OF, OR APPLYING A VITREOUS LAYER TO, METALS"
C23F,NON-MECHANICAL REMOVAL OF METALLIC MATERIAL FROM SURFACE  (working metal by laser beams
C23G,CLEANING OR DE-GREASING OF METALLIC MATERIAL BY CHEMICAL METHODS OTHER THAN ELECTROLYSIS
C25B,ELECTROLYTIC OR ELECTROPHORETIC PROCESSES FOR THE PRODUCTION OF COMPOUNDS OR NON-METALS; APPARATUS THEREFOR  (anodic or cathodic protection
C25C,"PROCESSES FOR THE ELECTROLYTIC PRODUCTION, RECOVERY OR REFINING OF METALS; APPARATUS THEREFOR"
C25D,PROCESSES FOR THE ELECTROLYTIC OR ELECTROPHORETIC PRODUCTION OF COATINGS; ELECTROFORMING; APPARATUS THEREFOR
C25F,PROCESSES FOR THE ELECTROLYTIC REMOVAL OF MATERIALS FROM OBJECTS; APPARATUS THEREFOR
C30B,"SINGLE-CRYSTAL GROWTH  (by using ultra-high pressure, e.g. for the formation of diamonds,"
C40B,"COMBINATORIAL CHEMISTRY; LIBRARIES, e.g. CHEMICAL LIBRARIES  (in silico combinatorial libraries of nucleic acids, proteins or peptides"
D01B,"MECHANICAL TREATMENT OF NATURAL FIBROUS OR FILAMENTARY MATERIAL TO OBTAIN FIBRES OF FILAMENTS, e.g. FOR SPINNING  (crude extraction of asbestos fibres from ores"
D01C,CHEMICAL OR BIOLOGICAL TREATMENT OF NATURAL FILAMENTARY OR FIBROUS MATERIAL TO OBTAIN FILAMENTS OR FIBRES FOR SPINNING; CARBONISING RAGS TO RECOVER ANIMAL FIBRES
D01D,"MECHANICAL METHODS OR APPARATUS IN THE MANUFACTURE OF ARTIFICIAL FILAMENTS, THREADS, FIBRES, BRISTLES OR RIBBONS"
D01F,"CHEMICAL FEATURES IN THE MANUFACTURE OF ARTIFICIAL FILAMENTS, THREADS, FIBRES, BRISTLES OR RIBBONS; APPARATUS SPECIALLY ADAPTED FOR THE MANUFACTURE OF CARBON FILAMENTS"
D01G,"PRELIMINARY TREATMENT OF FIBRES, e.g. FOR SPINNING  (winding or unwinding, conducting or guiding laps, webs, slivers or rovings in general, sliver or roving cans, depositing in sliver or roving cabs"
D01H,SPINNING OR TWISTING  (twisting oakum
D02G,"CRIMPING OR CURLING FIBRES, FILAMENTS, THREADS, OR YARNS; YARNS OR THREADS"
D02H,"WARPING, BEAMING OR LEASING"
D02J,"FINISHING OR DRESSING OF FILAMENTS, YARNS, THREADS, CORDS, ROPES OR THE LIKE  (curling or crimping"
D03C,SHEDDING MECHANISMS; PATTERN CARDS OR CHAINS; PUNCHING OF CARDS; DESIGNING PATTERNS
D03D,WOVEN FABRICS; METHODS OF WEAVING; LOOMS
D03J,AUXILIARY WEAVING APPARATUS; WEAVERS' TOOLS; SHUTTLES
D04B,KNITTING
D04C,"BRAIDING OR MANUFACTURE OF LACE, INCLUDING BOBBIN-NET OR CARBONISED LACE; BRAIDING MACHINES; BRAID; LACE  (machines for making soles from strips of material"
D04D,"TRIMMINGS; RIBBONS, TAPES OR BANDS, NOT OTHERWISE PROVIDED FOR  (fittings or trimmings for hats, e.g. hat bands"
D04G,MAKING NETS BY KNOTTING OF FILAMENTARY MATERIAL; MAKING KNOTTED CARPETS OR TAPESTRIES; KNOTTING NOT OTHERWISE PROVIDED FOR  (binding knotters for harvesters
D04H,"MAKING TEXTILE FABRICS, e.g. FROM FIBRES OR FILAMENTARY MATERIAL  (weaving"
D05B,SEWING  (appliances for the tailoring trade
D05C,EMBROIDERING; TUFTING  (making non-woven fabrics
D06B,"TREATING TEXTILE MATERIALS USING LIQUIDS, GASES OR VAPOURS  (mechanical treatment of natural fibrous or filamentary material to obtain fibres or filaments"
D06C,"FINISHING, DRESSING, TENTERING OR STRETCHING TEXTILE FABRICS"
D06F,"LAUNDERING, DRYING, IRONING, PRESSING OR FOLDING TEXTILE ARTICLES"
D06G,"MECHANICAL OR PRESSURE CLEANING OF CARPETS, RUGS, SACKS, HIDES, OR OTHER SKIN OR TEXTILE ARTICLES OR FABRICS; TURNING INSIDE-OUT FLEXIBLE TUBULAR OR OTHER HOLLOW ARTICLES"
D06H,"MARKING, INSPECTING, SEAMING OR SEVERING TEXTILE MATERIALS  (seaming by sewing"
D06J,"PLEATING, KILTING OR GOFFERING TEXTILE FABRICS OR WEARING APPAREL  ({corrugating, creasing, or otherwise deforming paper, or material worked in a manner analogous to paper, without removing material"
D06L,"DRY-CLEANING, WASHING OR BLEACHING FIBRES, FILAMENTS, THREADS, YARNS, FABRICS, FEATHERS OR MADE-UP FIBROUS GOODS; BLEACHING LEATHER OR FURS"
D06M,"TREATMENT, NOT PROVIDED FOR ELSEWHERE IN CLASS"
D06N,"WALL, FLOOR, OR LIKE COVERING MATERIALS, e.g. LINOLEUM, OILCLOTH, ARTIFICIAL LEATHER, ROOFING FELT, CONSISTING OF A FIBROUS WEB COATED WITH A LAYER OF MACROMOLECULAR MATERIAL; FLEXIBLE SHEET MATERIAL NOT OTHERWISE PROVIDED FOR"
D06P,"DYEING OR PRINTING TEXTILES; DYEING LEATHER, FURS OR SOLID MACROMOLECULAR SUBSTANCES IN ANY FORM"
D06Q,"DECORATING TEXTILES  (textile threads, filaments, yarns or tow, glued on macromolecular material"
D07B,ROPES OR CABLES IN GENERAL  (joining ropes or cables to one another or to other objects
D21B,FIBROUS RAW MATERIALS OR THEIR MECHANICAL TREATMENT
D21C,PRODUCTION OF CELLULOSE BY REMOVING NON-CELLULOSE SUBSTANCES FROM CELLULOSE-CONTAINING MATERIALS; REGENERATION OF PULPING LIQUORS; APPARATUS THEREFOR
D21D,TREATMENT OF THE MATERIALS BEFORE PASSING TO THE PAPER-MAKING MACHINE
D21F,PAPER-MAKING MACHINES; METHODS OF PRODUCING PAPER THEREON
D21G,"CALENDERS; ACCESSORIES FOR PAPER-MAKING MACHINES  (winders or rewinders for finished products, means for adjustment of wrinkles or lateral extensions"
D21H,PULP COMPOSITIONS; PREPARATION THEREOF NOT COVERED BY SUBCLASSES
D21J,FIBREBOARD; MANUFACTURE OF ARTICLES FROM CELLULOSIC FIBROUS SUSPENSIONS OR FROM PAPIER-MACHE  (manufacture of articles by dry processes
E01B,"PERMANENT WAY; PERMANENT-WAY TOOLS; MACHINES FOR MAKING RAILWAYS OF ALL KINDS  (derailing or rerailing blocks on track, track brakes or retarders"
E01C,"CONSTRUCTION OF, OR SURFACES FOR, ROADS, SPORTS GROUNDS, OR THE LIKE; MACHINES OR AUXILIARY TOOLS FOR CONSTRUCTION OR REPAIR  (forming roads or like surfaces by compacting or grading snow or ice"
E01D,"CONSTRUCTION OF BRIDGES, {ELEVATED ROADWAYS} OR VIADUCTS; ASSEMBLY OF BRIDGES  (bridges extending between terminal buildings and aircraft for embarking or disembarking passengers"
E01F,"ADDITIONAL WORK, SUCH AS EQUIPPING ROADS OR THE CONSTRUCTION OF PLATFORMS, HELICOPTER LANDING STAGES, SIGNS, SNOW FENCES, OR THE LIKE"
E01H,STREET CLEANING; CLEANING OF PERMANENT WAYS; CLEANING BEACHES; DISPERSING {OR PREVENTING} FOG IN GENERAL {CLEANING STREET OR RAILWAY FURNITURE OR TUNNEL WALLS} (cleaning in general
E02B,HYDRAULIC ENGINEERING  (ship-lifting
E02C,SHIP-LIFTING DEVICES OR MECHANISMS
E02D,FOUNDATIONS; EXCAVATIONS; EMBANKMENTS  (specially adapted for hydraulic engineering
E02F,DREDGING; SOIL-SHIFTING  (winning peat
E03B,"INSTALLATIONS OR METHODS FOR OBTAINING, COLLECTING, OR DISTRIBUTING WATER  (drilling wells, obtaining fluids in general from wells"
E03C,DOMESTIC PLUMBING INSTALLATIONS FOR FRESH WATER OR WASTE WATER  (not connected to either water-supply main or to waste pipe
E03D,WATER-CLOSETS OR URINALS WITH FLUSHING DEVICES; FLUSHING VALVES THEREFOR
E03F,SEWERS; CESSPOOLS
E04B,"GENERAL BUILDING CONSTRUCTIONS; WALLS, e.g. PARTITIONS; ROOFS; FLOORS; CEILINGS; INSULATION OR OTHER PROTECTION OF BUILDINGS  (border constructions of opening in walls, floors or ceilings"
E04C,STRUCTURAL ELEMENTS; BUILDING MATERIALS  (for bridges
E04D,ROOF COVERINGS; SKY-LIGHTS; GUTTERS; ROOF-WORKING TOOLS  (coverings of outer walls by plaster or other porous material
E04F,"FINISHING WORK ON BUILDINGS, e.g. STAIRS, FLOORS  (windows, doors"
E04G,"SCAFFOLDING; FORMS; SHUTTERING; BUILDING IMPLEMENTS OR AIDS, OR THEIR USE; HANDLING BUILDING MATERIALS ON THE SITE; REPAIRING, BREAKING-UP OR OTHER WORK ON EXISTING BUILDINGS"
E04H,"BUILDINGS OR LIKE STRUCTURES FOR PARTICULAR PURPOSES; SWIMMING OR SPLASH BATHS OR POOLS; MASTS; FENCING; TENTS OR CANOPIES, IN GENERAL  (foundations"
E05B,LOCKS; ACCESSORIES THEREFOR; HANDCUFFS
E05C,"BOLTS OR FASTENING DEVICES FOR WINGS, SPECIALLY FOR DOORS OR WINDOWS  (latching means for sideboard or tailgate structures for vehicles"
E05D,"HINGES OR SUSPENSION DEVICES FOR DOORS, WINDOWS OR WINGS  (pivotal connections in general"
E05F,"DEVICES FOR MOVING WINGS INTO OPEN OR CLOSED POSITION; CHECKS FOR WINGS; WING FITTINGS NOT OTHERWISE PROVIDED FOR, CONCERNED WITH THE FUNCTIONING OF THE WING"
E05G,"SAFES OR STRONG-ROOMS FOR VALUABLES; BANK PROTECTION DEVICES; SAFETY TRANSACTION PARTITIONS  ({devices to prevent theft of bags, trunks or baskets"
E05Y,INDEXING SCHEME ASSOCIATED WITH SUBCLASSES
E06B,"FIXED OR MOVABLE CLOSURES FOR OPENINGS IN BUILDINGS, VEHICLES, FENCES OR LIKE ENCLOSURES IN GENERAL, e.g. DOORS, WINDOWS, BLINDS, GATES  (shades or blinds for greenhouses"
E06C,LADDERS  (
E21B,"EARTH OR ROCK DRILLING; OBTAINING OIL, GAS, WATER, SOLUBLE OR MELTABLE MATERIALS OR A SLURRY OF MINERALS FROM WELLS"
E21C,MINING OR QUARRYING
E21D,SHAFTS; TUNNELS; GALLERIES; LARGE UNDERGROUND CHAMBERS  (soil-conditioning or soil-stabilising materials
E21F,"SAFETY DEVICES, TRANSPORT, FILLING-UP, RESCUE, VENTILATION, OR DRAINING IN OR OF MINES OR TUNNELS"
F01B,"MACHINES OR ENGINES, IN GENERAL OR OF POSITIVE-DISPLACEMENT TYPE, e.g. STEAM ENGINES  (of rotary-piston or oscillating-piston type"
F01C,ROTARY-PISTON OR OSCILLATING-PISTON MACHINES OR ENGINES  (internal-combustion aspects
F01D,"NON-POSITIVE DISPLACEMENT MACHINES OR ENGINES, e.g. STEAM TURBINES  (machines or engines for liquids"
F01K,STEAM ENGINE PLANTS; STEAM ACCUMULATORS; ENGINE PLANTS NOT OTHERWISE PROVIDED FOR; ENGINES USING SPECIAL WORKING FLUIDS OR CYCLES  (gas-turbine or jet-propulsion plants
F01L,CYCLICALLY OPERATING VALVES FOR MACHINES OR ENGINES
F01M,LUBRICATING OF MACHINES OR ENGINES IN GENERAL; LUBRICATING INTERNAL COMBUSTION ENGINES; CRANKCASE VENTILATING
F01N,GAS-FLOW SILENCERS OR EXHAUST APPARATUS FOR MACHINES OR ENGINES IN GENERAL; GAS-FLOW SILENCERS OR EXHAUST APPARATUS FOR INTERNAL COMBUSTION ENGINES  ({evacuation of fumes from the area where they are produced
F01P,COOLING OF MACHINES OR ENGINES IN GENERAL; COOLING OF INTERNAL-COMBUSTION ENGINES  (arrangements in connection with cooling of propulsion units in vehicles
F02B,INTERNAL-COMBUSTION PISTON ENGINES; COMBUSTION ENGINES IN GENERAL  (gas-turbine plants
F02C,GAS-TURBINE PLANTS; AIR INTAKES FOR JET-PROPULSION PLANTS; CONTROLLING FUEL SUPPLY IN AIR-BREATHING JET-PROPULSION PLANTS  (construction of turbines
F02D,"CONTROLLING COMBUSTION ENGINES  (vehicle fittings, acting on a single sub-unit only, for automatically controlling vehicle speed"
F02F,"CYLINDERS, PISTONS OR CASINGS, FOR COMBUSTION ENGINES; ARRANGEMENTS OF SEALINGS IN COMBUSTION ENGINES"
F02G,"HOT GAS OR COMBUSTION-PRODUCT POSITIVE-DISPLACEMENT ENGINE PLANTS  (steam engine plants, special vapour plants, plants operating on either hot gas or combustion-product gases together with other fluid"
F02K,"JET-PROPULSION PLANTS  (features of jet-propulsion plants common to gas-turbine plants, air intakes or fuel supply control of air-breathing jet-propulsion plants"
F02M,SUPPLYING COMBUSTION ENGINES IN GENERAL WITH COMBUSTIBLE MIXTURES OR CONSTITUENTS THEREOF
F02N,"STARTING OF COMBUSTION ENGINES; STARTING AIDS FOR SUCH ENGINES, NOT OTHERWISE PROVIDED FOR"
F02P,"IGNITION, OTHER THAN COMPRESSION IGNITION, FOR INTERNAL-COMBUSTION ENGINES; TESTING OF IGNITION TIMING IN COMPRESSION-IGNITION ENGINES  ({anti-pollution means for internal-combustion engines"
F03B,MACHINES OR ENGINES FOR LIQUIDS  (positive-displacement engines for liquid
F03C,POSITIVE-DISPLACEMENT ENGINES DRIVEN BY LIQUIDS  (positive- displacement engines for liquids and elastic fluids
F03D,WIND MOTORS
F03G,"SPRING, WEIGHT, INERTIA OR LIKE MOTORS; MECHANICAL-POWER PRODUCING DEVICES OR MECHANISMS, NOT OTHERWISE PROVIDED FOR OR USING ENERGY SOURCES NOT OTHERWISE PROVIDED FOR  (arrangements in connection with power supply in vehicles from force of nature"
F03H,"PRODUCING A REACTIVE PROPULSIVE THRUST, NOT OTHERWISE PROVIDED FOR  (from combustion products"
F04B,"POSITIVE-DISPLACEMENT MACHINES FOR LIQUIDS; PUMPS  (machines for liquids, or pumps, of rotary-piston or oscillating-piston type"
F04C,"ROTARY-PISTON, OR OSCILLATING-PISTON, POSITIVE-DISPLACEMENT MACHINES FOR LIQUIDS  (engines"
F04D,NON-POSITIVE-DISPLACEMENT PUMPS  (engine fuel-injection pumps
F04F,PUMPING OF FLUID BY DIRECT CONTACT OF ANOTHER FLUID OR BY USING INERTIA OF FLUID TO BE PUMPED {(evacuating by sorption
F05B,"INDEXING SCHEME RELATING TO WIND, SPRING, WEIGHT, INERTIA OR LIKE MOTORS, TO MACHINES OR ENGINES FOR LIQUIDS COVERED BY SUBCLASSES"
F05D,"INDEXING SCHEME FOR ASPECTS RELATING TO NON-POSITIVE-DISPLACEMENT MACHINES OR ENGINES, GAS-TURBINES OR JET-PROPULSION PLANTS"
F15B,"SYSTEMS ACTING BY MEANS OF FLUIDS IN GENERAL; FLUID-PRESSURE ACTUATORS, e.g. SERVOMOTORS; DETAILS OF FLUID-PRESSURE SYSTEMS, NOT OTHERWISE PROVIDED FOR"
F15C,FLUID-CIRCUIT ELEMENTS PREDOMINANTLY USED FOR COMPUTING OR CONTROL PURPOSES  (transducers
F15D,"FLUID DYNAMICS, i.e. METHODS OR MEANS FOR INFLUENCING THE FLOW OF GASES OR LIQUIDS"
F16B,"DEVICES FOR FASTENING OR SECURING CONSTRUCTIONAL ELEMENTS OR MACHINE PARTS TOGETHER, e.g. NAILS, BOLTS, CIRCLIPS, CLAMPS, CLIPS OR WEDGES; JOINTS OR JOINTING  (couplings for transmitting rotation"
F16C,SHAFTS; FLEXIBLE SHAFTS; ELEMENTS OR CRANKSHAFT MECHANISMS; ROTARY BODIES OTHER THAN GEARING ELEMENTS; BEARINGS
F16D,COUPLINGS FOR TRANSMITTING ROTATION; CLUTCHES; BRAKES
F16F,SPRINGS; SHOCK-ABSORBERS; MEANS FOR DAMPING VIBRATION
F16G,"BELTS, CABLES, OR ROPES, PREDOMINANTLY USED FOR DRIVING PURPOSES; CHAINS; FITTINGS PREDOMINANTLY USED THEREFOR"
F16H,GEARING
F16J,PISTONS {(specially adapted for dampers
F16K,VALVES; TAPS; COCKS; ACTUATING-FLOATS; DEVICES FOR VENTING OR AERATING {(devices for emptying and evacuating the excess liquid in valves or conduits
F16L,"PIPES; JOINTS OR FITTINGS FOR PIPES; SUPPORTS FOR PIPES, CABLES OR PROTECTIVE TUBING; MEANS FOR THERMAL INSULATION IN GENERAL"
F16M,"FRAMES, CASINGS OR BEDS OF ENGINES, MACHINES OR APPARATUS, NOT SPECIFIC TO ENGINES, MACHINES OR APPARATUS PROVIDED FOR ELSEWHERE; STANDS; SUPPORTS"
F16N,LUBRICATING
F16P,SAFETY DEVICES IN GENERAL; {SAFETY DEVICES FOR PRESSES}
F16S,"CONSTRUCTIONAL ELEMENTS IN GENERAL; STRUCTURES BUILT-UP FROM SUCH ELEMENTS, IN GENERAL"
F16T,STEAM TRAPS OR LIKE APPARATUS FOR DRAINING-OFF LIQUIDS FROM ENCLOSURES PREDOMINANTLY CONTAINING GASES OR VAPOURS
F17B,GAS-HOLDERS OF VARIABLE CAPACITY  (self-acting gas cut-off devices
F17C,"VESSELS FOR CONTAINING OR STORING COMPRESSED, LIQUEFIED OR SOLIDIFIED GASES; FIXED-CAPACITY GAS-HOLDERS; FILLING VESSELS WITH, OR DISCHARGING FROM VESSELS, COMPRESSED, LIQUEFIED, OR SOLIDIFIED GASES  (storing fluids in natural or artificial cavities or chambers in the earth"
F17D,PIPE-LINE SYSTEMS; PIPE-LINES  (pumps or compressors
F21H,INCANDESCENT MANTLES; OTHER INCANDESCENT BODIES HEATED BY COMBUSTION
F21K,NON-ELECTRIC LIGHT SOURCES USING LUMINESCENCE; LIGHT SOURCES USING ELECTROCHEMILUMINESCENCE; LIGHT SOURCES USING CHARGES OF COMBUSTIBLE MATERIAL; LIGHT SOURCES USING SEMICONDUCTOR DEVICES AS LIGHT-GENERATING ELEMENTS; LIGHT SOURCES NOT OTHERWISE PROVIDED FOR
F21L,"LIGHTING DEVICES OR SYSTEMS THEREOF, BEING PORTABLE OR SPECIALLY ADAPTED FOR TRANSPORTATION"
F21S,NON-PORTABLE LIGHTING DEVICES; SYSTEMS THEREOF; VEHICLE LIGHTING DEVICES SPECIALLY ADAPTED FOR VEHICLE EXTERIORS
F21V,"FUNCTIONAL FEATURES OR DETAILS OF LIGHTING DEVICES OR SYSTEMS THEREOF; STRUCTURAL COMBINATIONS OF LIGHTING DEVICES WITH OTHER ARTICLES, NOT OTHERWISE PROVIDED FOR"
F21Y,INDEXING SCHEME ASSOCIATED WITH SUBCLASSES
F22B,METHODS OF STEAM GENERATION; STEAM BOILERS
F22D,"PREHEATING, OR ACCUMULATING PREHEATED, FEED-WATER FOR STEAM GENERATION; FEED-WATER SUPPLY FOR STEAM GENERATION; CONTROLLING WATER LEVEL FOR STEAM GENERATION; AUXILIARY DEVICES FOR PROMOTING WATER CIRCULATION WITHIN STEAM BOILERS"
F22G,SUPERHEATING OF STEAM
F23B,"METHODS OR APPARATUS FOR COMBUSTION USING ONLY SOLID FUEL  (for combustion of fuels that are solid at room temperatures, but burned in melted form, e.g. candle wax,"
F23C,METHODS OR APPARATUS FOR COMBUSTION USING FLUID FUEL OR SOLID FUEL SUSPENDED IN  {A CARRIER GAS OR} AIR   (burners
F23D,BURNERS
F23G,CREMATION FURNACES; CONSUMING WASTE PRODUCTS BY COMBUSTION
F23H,GRATES  (inlets for fluidisation air for fluidised bed combustion apparatus
F23J,"REMOVAL OR TREATMENT OF COMBUSTION PRODUCTS OR COMBUSTION RESIDUES; FLUES   (combustion apparatus for consuming smoke or fumes, e.g. exhaust gases,"
F23K,FEEDING FUEL TO COMBUSTION APPARATUS  (fuel feeders specially adapted for fluidised bed combustion apparatus
F23L,SUPPLYING AIR OR NON-COMBUSTIBLE LIQUIDS OR GASES TO COMBUSTION APPARATUS IN GENERAL   ({air-supply arrangements for fluent fuels
F23M,"CASINGS, LININGS, WALLS OR DOORS SPECIALLY ADAPTED FOR COMBUSTION CHAMBERS, e.g. FIREBRIDGES; DEVICES FOR DEFLECTING AIR, FLAMES OR COMBUSTION PRODUCTS IN COMBUSTION CHAMBERS; SAFETY ARRANGEMENTS SPECIALLY ADAPTED FOR COMBUSTION APPARATUS; DETAILS OF COMBUSTION CHAMBERS, NOT OTHERWISE PROVIDED FOR"
F23N,REGULATING OR CONTROLLING COMBUSTION  (control devices specially adapted for combustion apparatus in which combustion takes place in a fluidised bed of fuel or other particles
F23Q,IGNITION  (devices or installations peculiar to internal-combustion engines
F23R,"GENERATING COMBUSTION PRODUCTS OF HIGH PRESSURE OR HIGH VELOCITY, e.g. GAS-TURBINE COMBUSTION CHAMBERS  (fluidised bed combustion apparatus specially adapted for operation at superatmospheric pressures"
F24B,"DOMESTIC STOVES OR RANGES FOR SOLID FUELS  (for solid fuels in combination with gaseous fuels, liquid fuels or other kinds of energy supply"
F24C,DOMESTIC STOVES OR RANGES   (exclusively for solid fuels
F24D,"DOMESTIC- OR SPACE-HEATING SYSTEMS, e.g. CENTRAL HEATING SYSTEMS; DOMESTIC HOT-WATER SUPPLY SYSTEMS; ELEMENTS OR COMPONENTS THEREFOR  (using steam or condensate extracted or exhausted from steam engine plants for heating purposes"
F24F,AIR-CONDITIONING; AIR-HUMIDIFICATION; VENTILATION; USE OF AIR CURRENTS FOR SCREENING  (removing dirt or fumes from areas where they are produced
F24H,"FLUID HEATERS, e.g. WATER OR AIR HEATERS, HAVING HEAT-GENERATING MEANS, e.g. HEAT PUMPS, IN GENERAL  (steam generation"
F24S,SOLAR HEAT COLLECTORS; SOLAR HEAT SYSTEMS  (for producing mechanical power from solar energy
F24T,GEOTHERMAL COLLECTORS; GEOTHERMAL SYSTEMS
F24V,"COLLECTION, PRODUCTION OR USE OF HEAT NOT OTHERWISE PROVIDED FOR"
F25B,"REFRIGERATION MACHINES, PLANTS OR SYSTEMS; COMBINED HEATING AND REFRIGERATION SYSTEMS; HEAT PUMP SYSTEMS"
F25C,"PRODUCING, WORKING OR HANDLING ICE"
F25D,REFRIGERATORS; COLD ROOMS; ICE-BOXES; COOLING OR FREEZING APPARATUS NOT OTHERWISE PROVIDED FOR  (refrigerated showcases
F25J,"LIQUEFACTION, SOLIDIFICATION OR SEPARATION OF GASES OR GASEOUS {OR LIQUEFIED GASEOUS} MIXTURES BY PRESSURE AND COLD TREATMENT {OR BY BRINGING THEM INTO THE SUPERCRITICAL STATE  (cryogenic pumps"
F26B,DRYING SOLID MATERIALS OR OBJECTS BY REMOVING LIQUID THEREFROM  (racks for drying fruit and vegetables
F27B,"FURNACES, KILNS, OVENS OR RETORTS IN GENERAL; OPEN SINTERING OR LIKE APPARATUS"
F27D,"DETAILS OR ACCESSORIES OF FURNACES, KILNS, OVENS OR RETORTS, IN SO FAR AS THEY ARE OF KINDS OCCURRING IN MORE THAN ONE KIND OF FURNACE"
F28B,STEAM OR VAPOUR CONDENSERS  (condensation of vapours
F28C,"HEAT-EXCHANGE APPARATUS, NOT PROVIDED FOR IN ANOTHER SUBCLASS, IN WHICH THE HEAT-EXCHANGE MEDIA COME INTO DIRECT CONTACT WITHOUT CHEMICAL INTERACTION  (safety devices in general"
F28D,"HEAT-EXCHANGE APPARATUS, NOT PROVIDED FOR IN ANOTHER SUBCLASS, IN WHICH THE HEAT-EXCHANGE MEDIA DO NOT COME INTO DIRECT CONTACT  (fluid heaters having heat generating means and heat transferring means"
F28F,"DETAILS OF HEAT-EXCHANGE AND HEAT-TRANSFER APPARATUS, OF GENERAL APPLICATION  (water and air traps, air venting"
F28G,"CLEANING OF INTERNAL OR EXTERNAL SURFACES OF HEAT-EXCHANGE OR HEAT-TRANSFER CONDUITS, e.g. WATER TUBES OR BOILERS  (cleaning pipes or tubes in general"
F41A,"FUNCTIONAL FEATURES OR DETAILS COMMON TO BOTH SMALLARMS AND ORDNANCE, e.g. CANNONS; MOUNTINGS FOR SMALLARMS OR ORDNANCE"
F41B,"WEAPONS FOR PROJECTING MISSILES WITHOUT USE OF EXPLOSIVE OR COMBUSTIBLE PROPELLANT CHARGE; WEAPONS NOT OTHERWISE PROVIDED FOR  (projectiles for fishing, e.g. fish-spears,"
F41C,"SMALLARMS, e.g. PISTOLS, RIFLES  (functional features or details common to both smallarms and ordnance, mountings therefor"
F41F,"APPARATUS FOR LAUNCHING PROJECTILES OR MISSILES FROM BARRELS, e.g. CANNONS  (smallarms"
F41G,WEAPON SIGHTS; AIMING  (optical aspects thereof
F41H,"ARMOUR; ARMOURED TURRETS; ARMOURED OR ARMED VEHICLES; MEANS OF ATTACK OR DEFENCE, e.g. CAMOUFLAGE, IN GENERAL"
F41J,TARGETS; TARGET RANGES; BULLET CATCHERS {(targets for shooting or hurling games
F42B,"EXPLOSIVE CHARGES, e.g. FOR BLASTING, FIREWORKS, AMMUNITION  (explosive compositions"
F42C,AMMUNITION FUZES  (blasting cartridge initiators
F42D,"BLASTING  (fuses, e.g. fuse cords,"
G01B,"MEASURING LENGTH, THICKNESS OR SIMILAR LINEAR DIMENSIONS; MEASURING ANGLES; MEASURING AREAS; MEASURING IRREGULARITIES OF SURFACES OR CONTOURS"
G01C,"MEASURING DISTANCES, LEVELS OR BEARINGS; SURVEYING; NAVIGATION; GYROSCOPIC INSTRUMENTS; PHOTOGRAMMETRY OR VIDEOGRAMMETRY  (measuring liquid level"
G01D,MEASURING NOT SPECIALLY ADAPTED FOR A SPECIFIC VARIABLE; ARRANGEMENTS FOR MEASURING TWO OR MORE VARIABLES NOT COVERED IN A SINGLE OTHER SUBCLASS; TARIFF METERING APPARATUS; MEASURING OR TESTING NOT OTHERWISE PROVIDED FOR
G01F,"MEASURING VOLUME, VOLUME FLOW, MASS FLOW OR LIQUID LEVEL; METERING BY VOLUME"
G01G,WEIGHING  (sorting by weighing
G01H,"MEASUREMENT OF MECHANICAL VIBRATIONS OR ULTRASONIC, SONIC OR INFRASONIC WAVES"
G01J,"MEASUREMENT OF INTENSITY, VELOCITY, SPECTRAL CONTENT, POLARISATION, PHASE OR PULSE CHARACTERISTICS OF INFRARED, VISIBLE OR ULTRAVIOLET LIGHT; COLORIMETRY; RADIATION PYROMETRY  (light sources"
G01K,MEASURING TEMPERATURE; MEASURING QUANTITY OF HEAT; THERMALLY-SENSITIVE ELEMENTS NOT OTHERWISE PROVIDED FOR  (radiation pyrometry
G01L,"MEASURING FORCE, STRESS, TORQUE, WORK, MECHANICAL POWER, MECHANICAL EFFICIENCY, OR FLUID PRESSURE  (weighing"
G01M,"TESTING STATIC OR DYNAMIC BALANCE OF MACHINES OR STRUCTURES; TESTING OF STRUCTURES OR APPARATUS, NOT OTHERWISE PROVIDED FOR"
G01N,"INVESTIGATING OR ANALYSING MATERIALS BY DETERMINING THEIR CHEMICAL OR PHYSICAL PROPERTIES  (measuring or testing apparatus or processes other than immunoassay, involving enzymes or microorganisms"
G01P,"MEASURING LINEAR OR ANGULAR SPEED, ACCELERATION, DECELERATION, OR SHOCK; INDICATING PRESENCE, ABSENCE, OR DIRECTION, OF MOVEMENT  (measuring or recording blood flow"
G01Q,"SCANNING-PROBE TECHNIQUES OR APPARATUS; APPLICATIONS OF SCANNING-PROBE TECHNIQUES, e.g. SCANNING PROBE MICROSCOPY [SPM]"
G01R,MEASURING ELECTRIC VARIABLES; MEASURING MAGNETIC VARIABLES  (indicating correct tuning of resonant circuits
G01S,RADIO DIRECTION-FINDING; RADIO NAVIGATION; DETERMINING DISTANCE OR VELOCITY BY USE OF RADIO WAVES; LOCATING OR PRESENCE-DETECTING BY USE OF THE REFLECTION OR RERADIATION OF RADIO WAVES; ANALOGOUS ARRANGEMENTS USING OTHER WAVES
G01T,"MEASUREMENT OF NUCLEAR OR X-RADIATION  (radiation analysis of materials, mass spectrometry"
G01V,"GEOPHYSICS; GRAVITATIONAL MEASUREMENTS; DETECTING MASSES OR OBJECTS; TAGS  (means for indicating the location of accidentally buried, e.g. snow-buried, persons"
G01W,METEOROLOGY  (influencing weather conditions
G02B,"OPTICAL ELEMENTS, SYSTEMS OR APPARATUS"
G02C,SPECTACLES; SUNGLASSES OR GOGGLES INSOFAR AS THEY HAVE THE SAME FEATURES AS SPECTACLES; CONTACT LENSES  (trial frames for testing the eyes
G02F,OPTICAL DEVICES OR ARRANGEMENTS FOR THE CONTROL OF LIGHT BY MODIFICATION OF THE OPTICAL PROPERTIES OF THE MEDIA OF THE ELEMENTS INVOLVED THEREIN; NON-LINEAR OPTICS; FREQUENCY-CHANGING OF LIGHT; OPTICAL LOGIC ELEMENTS; OPTICAL ANALOGUE/DIGITAL CONVERTERS
G03B,APPARATUS OR ARRANGEMENTS FOR TAKING PHOTOGRAPHS OR FOR PROJECTING OR VIEWING THEM; APPARATUS OR ARRANGEMENTS EMPLOYING ANALOGOUS TECHNIQUES USING WAVES OTHER THAN OPTICAL WAVES; ACCESSORIES THEREFOR  (optical parts of such apparatus
G03C,PHOTOSENSITIVE MATERIALS FOR PHOTOGRAPHIC PURPOSES  (for photomechanical purposes
G03D,APPARATUS FOR PROCESSING EXPOSED PHOTOGRAPHIC MATERIALS  (apparatus specially adapted for photomechanical production of textured or patterned surfaces
G03F,"PHOTOMECHANICAL PRODUCTION OF TEXTURED OR PATTERNED SURFACES, e.g. FOR PRINTING, FOR PROCESSING OF SEMICONDUCTOR DEVICES; MATERIALS THEREFOR; ORIGINALS THEREFOR; APPARATUS SPECIALLY ADAPTED THEREFOR;  (phototypographic composing devices"
G03G,ELECTROGRAPHY; ELECTROPHOTOGRAPHY; MAGNETOGRAPHY  (information storage based on relative movement between record carrier and transducer
G03H,"HOLOGRAPHIC PROCESSES OR APPARATUS  (holograms, e.g. point holograms, used as ordinary optical elements"
G04B,"MECHANICALLY-DRIVEN CLOCKS OR WATCHES; MECHANICAL PARTS OF CLOCKS OR WATCHES IN GENERAL; TIME PIECES USING THE POSITION OF THE SUN, MOON OR STARS  (spring- or weight-driven mechanisms in general"
G04C,ELECTROMECHANICAL CLOCKS OR WATCHES  (mechanical parts of clocks or watches in general
G04D,APPARATUS OR TOOLS SPECIALLY DESIGNED FOR MAKING OR MAINTAINING CLOCKS OR WATCHES
G04F,TIME-INTERVAL MEASURING  (measuring pulse characteristics
G04G,ELECTRONIC TIME-PIECES
G04R,RADIO-CONTROLLED TIME-PIECES
G05B,CONTROL OR REGULATING SYSTEMS IN GENERAL; FUNCTIONAL ELEMENTS OF SUCH SYSTEMS; MONITORING OR TESTING ARRANGEMENTS FOR SUCH SYSTEMS OR ELEMENTS  (systems for controlling or regulating non-electric variables
G05D,SYSTEMS FOR CONTROLLING OR REGULATING NON-ELECTRIC VARIABLES
G05F,SYSTEMS FOR REGULATING ELECTRIC OR MAGNETIC VARIABLES
G05G,"CONTROL DEVICES OR SYSTEMS INSOFAR AS CHARACTERISED BY MECHANICAL FEATURES ONLY  (""Bowden"" or like mechanisms"
G06C,DIGITAL COMPUTERS IN WHICH ALL THE COMPUTATION IS EFFECTED MECHANICALLY  (score computers for card games
G06D,DIGITAL FLUID-PRESSURE COMPUTING DEVICES
G06E,OPTICAL COMPUTING DEVICES; {COMPUTING DEVICES USING OTHER RADIATIONS WITH SIMILAR PROPERTIES} (optical logic elements per se
G06F,ELECTRIC DIGITAL DATA PROCESSING  (computer systems based on specific computational models
G06G,ANALOGUE COMPUTERS  (analogue optical computing devices
G06J,HYBRID COMPUTING ARRANGEMENTS  (optical hybrid computing devices
G06K,GRAPHICAL DATA READING  (image or video recognition or understanding
G06M,COUNTING MECHANISMS; COUNTING OF OBJECTS NOT OTHERWISE PROVIDED FOR  (counting by measuring volume or weight of articles to be counted
G06N,COMPUTING ARRANGEMENTS BASED ON SPECIFIC COMPUTATIONAL MODELS
G06Q,"INFORMATION AND COMMUNICATION TECHNOLOGY [ICT] SPECIALLY ADAPTED FOR ADMINISTRATIVE, COMMERCIAL, FINANCIAL, MANAGERIAL OR SUPERVISORY PURPOSES; SYSTEMS OR METHODS SPECIALLY ADAPTED FOR ADMINISTRATIVE, COMMERCIAL, FINANCIAL, MANAGERIAL OR SUPERVISORY PURPOSES, NOT OTHERWISE PROVIDED FOR"
G06T,"IMAGE DATA PROCESSING OR GENERATION, IN GENERAL"
G06V,IMAGE OR VIDEO RECOGNITION OR UNDERSTANDING
G07B,TICKET-ISSUING APPARATUS; FARE-REGISTERING APPARATUS; FRANKING APPARATUS
G07C,"TIME OR ATTENDANCE REGISTERS; REGISTERING OR INDICATING THE WORKING OF MACHINES; GENERATING RANDOM NUMBERS; VOTING OR LOTTERY APPARATUS; ARRANGEMENTS, SYSTEMS OR APPARATUS FOR CHECKING NOT PROVIDED FOR ELSEWHERE"
G07D,"HANDLING OF COINS OR VALUABLE PAPERS, e.g. TESTING, SORTING BY DENOMINATIONS, COUNTING, DISPENSING, CHANGING OR DEPOSITING"
G07F,COIN-FREED OR LIKE APPARATUS  (coin sorting
G07G,"REGISTERING THE RECEIPT OF CASH, VALUABLES, OR TOKENS  (digital computing in general"
G08B,SIGNALLING OR CALLING SYSTEMS; ORDER TELEGRAPHS; ALARM SYSTEMS
G08C,"TRANSMISSION SYSTEMS FOR MEASURED VALUES, CONTROL OR SIMILAR SIGNALS  (fluid pressure transmitting systems"
G08G,"TRAFFIC CONTROL SYSTEMS  (guiding railway traffic, ensuring the safety of railway traffic"
G09B,"EDUCATIONAL OR DEMONSTRATION APPLIANCES; APPLIANCES FOR TEACHING, OR COMMUNICATING WITH, THE BLIND, DEAF OR MUTE; MODELS; PLANETARIA; GLOBES; MAPS; DIAGRAMS  (devices for psychotechnics or for testing reaction times"
G09C,CIPHERING OR DECIPHERING APPARATUS FOR CRYPTOGRAPHIC OR OTHER PURPOSES INVOLVING THE NEED FOR SECRECY
G09D,RAILWAY OR LIKE TIME OR FARE TABLES; PERPETUAL CALENDARS  (calendar blocks
G09F,DISPLAYING; ADVERTISING; SIGNS; LABELS OR NAME-PLATES; SEALS
G09G,ARRANGEMENTS OR CIRCUITS FOR CONTROL OF INDICATING DEVICES USING STATIC MEANS TO PRESENT VARIABLE INFORMATION  (arrangements for transferring data between digital computers and displays
G10B,"ORGANS, HARMONIUMS OR SIMILAR WIND MUSICAL INSTRUMENTS WITH ASSOCIATED BLOWING APPARATUS  (accordions, concertinas or the like or keyboards therefor"
G10C,"PIANOS, HARPSICHORDS, SPINETS OR SIMILAR STRINGED MUSICAL INSTRUMENTS WITH ONE OR MORE KEYBOARDS  (automatic musical instruments"
G10D,"STRINGED MUSICAL INSTRUMENTS; WIND MUSICAL INSTRUMENTS; ACCORDIONS OR CONCERTINAS; PERCUSSION MUSICAL INSTRUMENTS; AEOLIAN HARPS; SINGING-FLAME MUSICAL INSTRUMENTS; MUSICAL INSTRUMENTS NOT OTHERWISE PROVIDED FOR  (organs, harmoniums or similar wind musical instruments with associated blowing apparatus"
G10F,AUTOMATIC MUSICAL INSTRUMENTS  (non-musical aspects of toy instruments
G10G,"REPRESENTATION OF MUSIC; RECORDING MUSIC IN NOTATION FORM; ACCESSORIES FOR MUSIC OR MUSICAL INSTRUMENTS NOT OTHERWISE PROVIDED FOR, e.g. SUPPORTS  (music stands"
G10H,"ELECTROPHONIC MUSICAL INSTRUMENTS; INSTRUMENTS IN WHICH THE TONES ARE GENERATED BY ELECTROMECHANICAL MEANS OR ELECTRONIC GENERATORS, OR IN WHICH THE TONES ARE SYNTHESISED FROM A DATA STORE"
G10K,"SOUND-PRODUCING DEVICES; METHODS OR DEVICES FOR PROTECTING AGAINST, OR FOR DAMPING, NOISE OR OTHER ACOUSTIC WAVES IN GENERAL; ACOUSTICS NOT OTHERWISE PROVIDED FOR"
G10L,SPEECH ANALYSIS TECHNIQUES OR SPEECH SYNTHESIS; SPEECH RECOGNITION; SPEECH OR VOICE PROCESSING TECHNIQUES; SPEECH OR AUDIO CODING OR DECODING
G11B,INFORMATION STORAGE BASED ON RELATIVE MOVEMENT BETWEEN RECORD CARRIER AND TRANSDUCER  (recording measured values in a way that does not require playback through a transducer
G11C,STATIC STORES  (semiconductor memory devices
G12B,"CONSTRUCTIONAL DETAILS OF INSTRUMENTS, OR COMPARABLE DETAILS OF OTHER APPARATUS, NOT OTHERWISE PROVIDED FOR"
G16B,"BIOINFORMATICS, i.e. INFORMATION AND COMMUNICATION TECHNOLOGY [ICT] SPECIALLY ADAPTED FOR GENETIC OR PROTEIN-RELATED DATA PROCESSING IN COMPUTATIONAL MOLECULAR BIOLOGY"
G16C,COMPUTATIONAL CHEMISTRY; CHEMOINFORMATICS; COMPUTATIONAL MATERIALS SCIENCE
G16H,"HEALTHCARE INFORMATICS, i.e. INFORMATION AND COMMUNICATION TECHNOLOGY [ICT] SPECIALLY ADAPTED FOR THE HANDLING OR PROCESSING OF MEDICAL OR HEALTHCARE DATA"
G16Y,INFORMATION AND COMMUNICATION TECHNOLOGY SPECIALLY ADAPTED FOR THE INTERNET OF THINGS [IoT]
G21B,FUSION REACTORS  (uncontrolled reactors
G21C,"NUCLEAR REACTORS  (fusion reactors, hybrid fission-fusion reactors"
G21D,NUCLEAR POWER PLANT
G21F,"PROTECTION AGAINST X-RADIATION, GAMMA RADIATION, CORPUSCULAR RADIATION OR PARTICLE BOMBARDMENT; TREATING RADIOACTIVELY CONTAMINATED MATERIAL; DECONTAMINATION ARRANGEMENTS THEREFOR  (radiation protection by pharmaceutical means"
G21G,CONVERSION OF CHEMICAL ELEMENTS; RADIOACTIVE SOURCES  (applications of radiation in general
G21H,"OBTAINING ENERGY FROM RADIOACTIVE SOURCES; APPLICATIONS OF RADIATION FROM RADIOACTIVE SOURCES, NOT OTHERWISE PROVIDED FOR; UTILISING COSMIC RADIATION  (measurement of nuclear or X-radiation"
G21J,"NUCLEAR EXPLOSIVES; APPLICATIONS THEREOF  (electric or magnetic analogue computers, e.g. simulators, for nuclear physics"
G21K,TECHNIQUES FOR HANDLING PARTICLES OR IONISING RADIATION NOT OTHERWISE PROVIDED FOR; IRRADIATION DEVICES; GAMMA RAY OR X-RAY MICROSCOPES
H01B,"CABLES; CONDUCTORS; INSULATORS; SELECTION OF MATERIALS FOR THEIR CONDUCTIVE, INSULATING OR DIELECTRIC PROPERTIES  (selection for magnetic properties"
H01C,RESISTORS
H01F,MAGNETS; INDUCTANCES; TRANSFORMERS; SELECTION OF MATERIALS FOR THEIR MAGNETIC PROPERTIES  (ceramics based on ferrites
H01G,"CAPACITORS; CAPACITORS, RECTIFIERS, DETECTORS, SWITCHING DEVICES, LIGHT-SENSITIVE OR TEMPERATURE-SENSITIVE DEVICES OF THE ELECTROLYTIC TYPE  (selection of specified materials as dielectric"
H01H,ELECTRIC SWITCHES; RELAYS; SELECTORS; EMERGENCY PROTECTIVE DEVICES  (contact cables
H01J,ELECTRIC DISCHARGE TUBES OR DISCHARGE LAMPS  (spark-gaps
H01K,"ELECTRIC INCANDESCENT LAMPS  (details, apparatus or processes for manufacture applicable to both discharge devices and incandescent lamps"
H01L,SEMICONDUCTOR DEVICES NOT COVERED BY CLASS
H01M,"PROCESSES OR MEANS, e.g. BATTERIES, FOR THE DIRECT CONVERSION OF CHEMICAL ENERGY INTO ELECTRICAL ENERGY"
H01P,"WAVEGUIDES; RESONATORS, LINES, OR OTHER DEVICES OF THE WAVEGUIDE TYPE  (operating at optical frequencies"
H01Q,"ANTENNAS, i.e. RADIO AERIALS  (radiators or antennas for microwave heating"
H01R,ELECTRICALLY-CONDUCTIVE CONNECTIONS; STRUCTURAL ASSOCIATIONS OF A PLURALITY OF MUTUALLY-INSULATED ELECTRICAL CONNECTING ELEMENTS; COUPLING DEVICES; CURRENT COLLECTORS
H01S,DEVICES USING THE PROCESS OF LIGHT AMPLIFICATION BY STIMULATED EMISSION OF RADIATION [LASER] TO AMPLIFY OR GENERATE LIGHT; DEVICES USING STIMULATED EMISSION OF ELECTROMAGNETIC RADIATION IN WAVE RANGES OTHER THAN OPTICAL
H01T,SPARK GAPS; OVERVOLTAGE ARRESTERS USING SPARK GAPS; SPARKING PLUGS; CORONA DEVICES; GENERATING IONS TO BE INTRODUCED INTO NON-ENCLOSED GASES  (overvoltage protection circuits
H02B,"BOARDS, SUBSTATIONS OR SWITCHING ARRANGEMENTS FOR THE SUPPLY OR DISTRIBUTION OF ELECTRIC POWER"
H02G,"INSTALLATION OF ELECTRIC CABLES OR LINES, OR OF COMBINED OPTICAL AND ELECTRIC CABLES OR LINES"
H02H,EMERGENCY PROTECTIVE CIRCUIT ARRANGEMENTS  (indicating or signalling undesired working conditions
H02J,CIRCUIT ARRANGEMENTS OR SYSTEMS FOR SUPPLYING OR DISTRIBUTING ELECTRIC POWER; SYSTEMS FOR STORING ELECTRIC ENERGY
H02K,DYNAMO-ELECTRIC MACHINES  (dynamo-electric relays
H02M,"APPARATUS FOR CONVERSION BETWEEN AC AND AC, BETWEEN AC AND DC, OR BETWEEN DC AND DC, AND FOR USE WITH MAINS OR SIMILAR POWER SUPPLY SYSTEMS; CONVERSION OF DC OR AC INPUT POWER INTO SURGE OUTPUT POWER; CONTROL OR REGULATION THEREOF  (transformers"
H02N,ELECTRIC MACHINES NOT OTHERWISE PROVIDED FOR
H02P,"CONTROL OR REGULATION OF ELECTRIC MOTORS, ELECTRIC GENERATORS OR DYNAMO-ELECTRIC CONVERTERS; CONTROLLING TRANSFORMERS, REACTORS OR CHOKE COILS"
H02S,"GENERATION OF ELECTRIC POWER BY CONVERSION OF INFRARED RADIATION, VISIBLE LIGHT OR ULTRAVIOLET LIGHT, e.g. USING PHOTOVOLTAIC [PV] MODULES  (obtaining electrical energy from radioactive sources"
H03B,"GENERATION OF OSCILLATIONS, DIRECTLY OR BY FREQUENCY-CHANGING, BY CIRCUITS EMPLOYING ACTIVE ELEMENTS WHICH OPERATE IN A NON-SWITCHING MANNER; GENERATION OF NOISE BY SUCH CIRCUITS  (generators adapted for electrophonic musical instruments"
H03C,MODULATION  (masers or lasers
H03D,"DEMODULATION OR TRANSFERENCE OF MODULATION FROM ONE CARRIER TO ANOTHER  (masers, lasers"
H03F,AMPLIFIERS
H03G,CONTROL OF AMPLIFICATION
H03H,"IMPEDANCE NETWORKS, e.g. RESONANT CIRCUITS; RESONATORS  (waveguides, resonators, lines or other devices of the waveguide type"
H03J,TUNING RESONANT CIRCUITS; SELECTING RESONANT CIRCUITS
H03K,PULSE TECHNIQUE  (measuring pulse characteristics
H03L,"AUTOMATIC CONTROL, STARTING, SYNCHRONISATION OR STABILISATION OF GENERATORS OF ELECTRONIC OSCILLATIONS OR PULSES  (generation of oscillations"
H03M,CODING; DECODING; CODE CONVERSION IN GENERAL  (using fluidic means
H04B,TRANSMISSION
H04H,BROADCAST COMMUNICATION  (multiplex communication
H04J,MULTIPLEX COMMUNICATION  (transmission in general
H04K,SECRET COMMUNICATION; JAMMING OF COMMUNICATION
H04L,"TRANSMISSION OF DIGITAL INFORMATION, e.g. TELEGRAPHIC COMMUNICATION  (arrangements common to telegraphic and telephonic communication"
H04M,TELEPHONIC COMMUNICATION  (circuits for controlling other apparatus via a telephone cable and not involving telephone switching apparatus
H04N,"PICTORIAL COMMUNICATION, e.g. TELEVISION"
H04Q,"SELECTING  (switches, relays, selectors"
H04R,"LOUDSPEAKERS, MICROPHONES, GRAMOPHONE PICK-UPS OR LIKE ACOUSTIC ELECTROMECHANICAL TRANSDUCERS; DEAF-AID SETS; PUBLIC ADDRESS SYSTEMS  (generating mechanical vibrations in general"
H04S,STEREOPHONIC SYSTEMS
H04W,WIRELESS COMMUNICATION NETWORKS  (broadcast communication
H05B,"ELECTRIC HEATING; ELECTRIC LIGHT SOURCES NOT OTHERWISE PROVIDED FOR; CIRCUIT ARRANGEMENTS FOR ELECTRIC LIGHT SOURCES, IN GENERAL"
H05C,"ELECTRIC CIRCUITS OR APPARATUS SPECIALLY DESIGNED FOR USE IN EQUIPMENT FOR KILLING, STUNNING, OR GUIDING LIVING BEINGS  (stationary means for catching or killing insects by electric means"
H05F,STATIC ELECTRICITY; NATURALLY-OCCURRING ELECTRICITY
H05G,X-RAY TECHNIQUE  (investigating or analysing materials by the use of X-rays
H05H,PLASMA TECHNIQUE  (apparatus or processes specially adapted for producing X-rays
H05K,PRINTED CIRCUITS; CASINGS OR CONSTRUCTIONAL DETAILS OF ELECTRIC APPARATUS; MANUFACTURE OF ASSEMBLAGES OF ELECTRICAL COMPONENTS
H10B,ELECTRONIC MEMORY DEVICES
H10K,ORGANIC ELECTRIC SOLID-STATE DEVICES
H10N,ELECTRIC SOLID-STATE DEVICES NOT OTHERWISE PROVIDED FOR
